No.;step;generated_smiles;canonical_smiles;predicted_pIC50;in_AD
1;4;O=C(NO)c1ccc(NC(=O)c2ccc3ccccc3c2)cc1;O=C(NO)c1ccc(NC(=O)c2ccc3ccccc3c2)cc1;6.7741;True
2;9;O=C(NO)c1cccc(-c2cccc3ccccc23)c1;O=C(NO)c1cccc(-c2cccc3ccccc23)c1;6.7249;True
3;4;O=C(NO)c1cccc(C(=O)NCCc2ccccc2)c1;O=C(NO)c1cccc(C(=O)NCCc2ccccc2)c1;6.6995;True
4;1;O=C(NO)c1ccc(-c2nc[nH]c2-c2cccc3ccccc23)cc1;O=C(NO)c1ccc(-c2nc[nH]c2-c2cccc3ccccc23)cc1;6.6141;True
5;11;O=C(NO)c1ccc(-c2cccccc2=O)cc1;O=C(NO)c1ccc(-c2cccccc2=O)cc1;6.5524;True
6;9;O=C(NO)c1ccc(-c2cccc3ccccc23)cc1;O=C(NO)c1ccc(-c2cccc3ccccc23)cc1;6.5426;True
7;9;CC(C)Nc1ccc(C(=O)NO)cc1;CC(C)Nc1ccc(C(=O)NO)cc1;6.524;True
8;3;O=C(NO)c1ccc2ccc(C3CCCCCC3)cc2c1;O=C(NO)c1ccc2ccc(C3CCCCCC3)cc2c1;6.5172;True
9;10;O=C(NO)c1ccc(NC(=O)c2ccccc2)cc1;O=C(NO)c1ccc(NC(=O)c2ccccc2)cc1;6.5088;True
10;3;O=C(NO)c1ccc(N2CCN(C(=O)c3ccccc3)CC2)cc1;O=C(NO)c1ccc(N2CCN(C(=O)c3ccccc3)CC2)cc1;6.4894;True
11;8;O=C(NO)c1ccc(N2CCN(c3ccccc3)CC2)cc1;O=C(NO)c1ccc(N2CCN(c3ccccc3)CC2)cc1;6.4837;True
12;6;CC(C)(C)c1ccc(C(=O)NO)cc1;CC(C)(C)c1ccc(C(=O)NO)cc1;6.4664;True
13;5;O=C(NO)c1ccc(Nc2ccc3ccccc3c2)cc1;O=C(NO)c1ccc(Nc2ccc3ccccc3c2)cc1;6.4597;True
14;68;CC(C)NC(=O)c1ccc(C(=O)NO)cc1;CC(C)NC(=O)c1ccc(C(=O)NO)cc1;6.4597;True
15;12;O=C(NO)c1ccc(Cc2cccc(C(=O)NO)c2)cc1;O=C(NO)c1ccc(Cc2cccc(C(=O)NO)c2)cc1;6.4438;True
16;9;O=C(NO)c1cccc(Sc2ccccc2)c1;O=C(NO)c1cccc(Sc2ccccc2)c1;6.4372;True
17;43;CC(=O)c1ccc(C(=O)NO)cc1C(=O)NO;CC(=O)c1ccc(C(=O)NO)cc1C(=O)NO;6.399;True
18;5;O=C(NO)c1ccc(-c2ccc3ccccc3n2)cc1;O=C(NO)c1ccc(-c2ccc3ccccc3n2)cc1;6.3938;True
19;50;O=C(Cc1ccc(C(=O)NO)cc1)c1ccc(C(=O)NO)cc1;O=C(Cc1ccc(C(=O)NO)cc1)c1ccc(C(=O)NO)cc1;6.3916;True
20;38;O=C(NO)c1ccc(C(=O)c2cccc(C(=O)NO)c2)cc1;O=C(NO)c1ccc(C(=O)c2cccc(C(=O)NO)c2)cc1;6.3862;True
21;49;CC(C)(C)c1cccc(C(=O)NO)c1;CC(C)(C)c1cccc(C(=O)NO)c1;6.3697;True
22;6;O=C(NO)c1ccc2ccccc2c1;O=C(NO)c1ccc2ccccc2c1;6.3684;True
23;2;CC(Nc1ccc(C(=O)NO)cc1)c1ccccc1;CC(Nc1ccc(C(=O)NO)cc1)c1ccccc1;6.3565;True
24;95;CC(F)(F)c1ccc(C(=O)NO)cc1;CC(F)(F)c1ccc(C(=O)NO)cc1;6.3553;True
25;49;CC(NO)c1cccc(C(=O)NO)c1;CC(NO)c1cccc(C(=O)NO)c1;6.3417;True
26;2;CC(=O)Nc1ccc(Oc2ccc(C(=O)NO)cc2)cc1;CC(=O)Nc1ccc(Oc2ccc(C(=O)NO)cc2)cc1;6.3377;True
27;19;O=C(NO)c1cccc(C(=O)c2ccccc2)c1;O=C(NO)c1cccc(C(=O)c2ccccc2)c1;6.3191;True
28;6;O=C(NO)c1cccc(CNCc2ccc3ccccc3c2)c1;O=C(NO)c1cccc(CNCc2ccc3ccccc3c2)c1;6.3184;True
29;46;O=C(NO)c1ccc(Cc2cc(C(=O)NO)cc(C(=O)NO)c2)cc1;O=C(NO)c1ccc(Cc2cc(C(=O)NO)cc(C(=O)NO)c2)cc1;6.3147;True
30;42;CC(C)(C)c1ccc(CC(=O)NO)cc1;CC(C)(C)c1ccc(CC(=O)NO)cc1;6.3146;True
31;13;CC(Cc1ccc(C(=O)NO)cc1)NO;CC(Cc1ccc(C(=O)NO)cc1)NO;6.3136;True
32;42;Cc1cc(C(=O)NO)ccc1C(=O)NO;Cc1cc(C(=O)NO)ccc1C(=O)NO;6.2957;True
33;6;O=C(NO)c1cccc(Cc2ccccc2)c1;O=C(NO)c1cccc(Cc2ccccc2)c1;6.293;True
34;13;CC(C)N(c1ccccc1)c1cccc(C(=O)NO)c1;CC(C)N(c1ccccc1)c1cccc(C(=O)NO)c1;6.2901;True
35;34;NC(=NO)c1ccc(C(=O)NO)cc1;NC(=NO)c1ccc(C(=O)NO)cc1;6.2877;True
36;6;NC1CC(c2ccc(C(=O)NO)cc2)CCC1O;NC1CC(c2ccc(C(=O)NO)cc2)CCC1O;6.2875;True
37;17;O=C(NO)c1ccc([N+]([O-])c2cccc(C(=O)NO)c2)cc1;O=C(NO)c1ccc([N+]([O-])c2cccc(C(=O)NO)c2)cc1;6.2858;True
38;55;O=C(NO)c1cccc(O)c1;O=C(NO)c1cccc(O)c1;6.2805;True
39;9;O=C(NO)C(CCc1ccccc1)NO;O=C(NO)C(CCc1ccccc1)NO;6.2804;True
40;14;O=C(NO)c1ccc(CNc2ccccn2)cc1;O=C(NO)c1ccc(CNc2ccccn2)cc1;6.2802;True
41;105;CC(=CCC(=O)O)c1ccc(C(=O)NO)cc1;CC(=CCC(=O)O)c1ccc(C(=O)NO)cc1;6.2777;True
42;100;O=C(CCCc1cccc(C(=O)NO)c1)NO;O=C(CCCc1cccc(C(=O)NO)c1)NO;6.2719;True
43;144;CC(F)(F)c1cccc(C(=O)NO)c1;CC(F)(F)c1cccc(C(=O)NO)c1;6.2711;True
44;144;CC(C)(C)c1cc(C(=O)NO)cc(C(=O)NO)c1;CC(C)(C)c1cc(C(=O)NO)cc(C(=O)NO)c1;6.2674;True
45;67;CC(=NO)c1cccc(C(=O)NO)c1;CC(=NO)c1cccc(C(=O)NO)c1;6.2668;True
46;37;CC=C(c1ccc(C(=O)NO)cc1)c1ccc(C(=O)NO)cc1;CC=C(c1ccc(C(=O)NO)cc1)c1ccc(C(=O)NO)cc1;6.2648;True
47;9;O=C(NO)c1ccc(C(=O)Nc2ccccc2)cc1;O=C(NO)c1ccc(C(=O)Nc2ccccc2)cc1;6.2636;True
48;8;CS(=O)(=O)NCc1ccc(C(=O)NO)cc1;CS(=O)(=O)NCc1ccc(C(=O)NO)cc1;6.2571;True
49;8;CC(C)NCc1ccc(C(=O)NO)cc1;CC(C)NCc1ccc(C(=O)NO)cc1;6.255;True
50;104;O=C(O)C=Cc1ccc(C(=O)NO)cc1;O=C(O)C=Cc1ccc(C(=O)NO)cc1;6.249;True
51;15;O=C(NO)c1ccc(CCNc2ccc(C(=O)NO)cc2)cc1;O=C(NO)c1ccc(CCNc2ccc(C(=O)NO)cc2)cc1;6.2483;True
52;4;O=C(NO)c1ccc(NCc2ccc3ccccc3c2)cc1;O=C(NO)c1ccc(NCc2ccc3ccccc3c2)cc1;6.2469;True
53;41;O=C(NO)c1ccc(CC(C(=O)O)C(=O)NO)cc1;O=C(NO)c1ccc(CC(C(=O)O)C(=O)NO)cc1;6.246;True
54;6;O=C(NO)c1ccc(C2CCNCC2)cc1;O=C(NO)c1ccc(C2CCNCC2)cc1;6.2415;True
55;88;CC(C)(CO)c1ccc(C(=O)NO)cc1;CC(C)(CO)c1ccc(C(=O)NO)cc1;6.2384;True
56;6;Cc1ccccc1Cc1cccc(C(=O)NO)c1;Cc1ccccc1Cc1cccc(C(=O)NO)c1;6.2346;True
57;21;O=C(NO)c1ccc(CNc2cccc(-c3ccccc3)c2)cc1;O=C(NO)c1ccc(CNc2cccc(-c3ccccc3)c2)cc1;6.2337;True
58;75;O=C(CCNC(=O)c1cccc(C(=O)NO)c1)NO;O=C(CCNC(=O)c1cccc(C(=O)NO)c1)NO;6.2326;True
59;32;O=C(NO)c1cccc(C(=O)NO)c1;O=C(NO)c1cccc(C(=O)NO)c1;6.2322;True
60;5;COc1ccc(-c2ccc(C(=O)NO)cc2)cc1;COc1ccc(-c2ccc(C(=O)NO)cc2)cc1;6.2321;True
61;17;O=C(NO)c1ccc(C(=O)NO)c(-c2ccccc2)c1;O=C(NO)c1ccc(C(=O)NO)c(-c2ccccc2)c1;6.2315;True
62;11;O=C(NO)c1ccc(C(F)(F)F)cc1;O=C(NO)c1ccc(C(F)(F)F)cc1;6.2296;True
63;7;Cc1cccc(CNC(=O)c2cccc(C(=O)NO)c2)c1;Cc1cccc(CNC(=O)c2cccc(C(=O)NO)c2)c1;6.2276;True
64;89;CC(CCc1ccc(C(=O)NO)cc1)C(=O)O;CC(CCc1ccc(C(=O)NO)cc1)C(=O)O;6.2243;True
65;0;O=C(NO)c1ccc(CNCc2ccc3ccccc3c2)cc1;O=C(NO)c1ccc(CNCc2ccc3ccccc3c2)cc1;6.2241;True
66;74;O=C(CO)c1ccc(C(=O)NO)cc1;O=C(CO)c1ccc(C(=O)NO)cc1;6.2161;True
67;4;NS(=O)(=O)c1ccc(C(=O)NO)cc1;NS(=O)(=O)c1ccc(C(=O)NO)cc1;6.2112;True
68;51;CC(=NO)c1ccc(C(=O)NO)cc1;CC(=NO)c1ccc(C(=O)NO)cc1;6.2102;True
69;80;NC(=O)c1cccc(C(=O)NO)c1;NC(=O)c1cccc(C(=O)NO)c1;6.2025;True
70;6;COc1ccc(C(=O)NO)cc1;COc1ccc(C(=O)NO)cc1;6.199;True
71;6;O=C(NO)c1ccccc(=O)c1;O=C(NO)c1ccccc(=O)c1;6.1981;True
72;4;O=C(NO)c1ccc2cc(-c3ccccc3)ccc2c1;O=C(NO)c1ccc2cc(-c3ccccc3)ccc2c1;6.1888;True
73;16;O=C(NO)c1ccc(Cc2ccc(C(=O)NO)cc2)cc1;O=C(NO)c1ccc(Cc2ccc(C(=O)NO)cc2)cc1;6.1867;True
74;96;Cc1cc(C(C)(C)C)ccc1C(=O)NO;Cc1cc(C(C)(C)C)ccc1C(=O)NO;6.1807;True
75;146;CC(C)(C)c1cc(C(=O)NO)cc(C(C)(C)C)c1;CC(C)(C)c1cc(C(=O)NO)cc(C(C)(C)C)c1;6.1801;True
76;89;CN=C(C)c1ccc(C(=O)NO)cc1;CN=C(C)c1ccc(C(=O)NO)cc1;6.1799;True
77;8;O=C(NO)c1ccc(SCc2ccccc2)cc1;O=C(NO)c1ccc(SCc2ccccc2)cc1;6.1797;True
78;7;O=C(NO)c1ccc(-c2ccc(F)cc2)cc1;O=C(NO)c1ccc(-c2ccc(F)cc2)cc1;6.1775;True
79;193;CC(C)(C(=O)NO)c1cccc(C(=O)NO)c1;CC(C)(C(=O)NO)c1cccc(C(=O)NO)c1;6.1775;True
80;41;O=C(NO)c1ccc(C(NO)c2cccc(C(=O)NO)c2)cc1;O=C(NO)c1ccc(C(NO)c2cccc(C(=O)NO)c2)cc1;6.1775;True
81;37;O=C(NO)c1ccc(C(=O)NO)c(O)c1;O=C(NO)c1ccc(C(=O)NO)c(O)c1;6.1771;True
82;92;NC(Cc1ccc(C(=O)NO)cc1)C(=O)O;NC(Cc1ccc(C(=O)NO)cc1)C(=O)O;6.1738;True
83;3;O=C(NO)c1cccc(NC(=O)c2cccc(-c3ccccc3)c2)c1;O=C(NO)c1cccc(NC(=O)c2cccc(-c3ccccc3)c2)c1;6.1675;True
84;63;CS(=O)(=O)NC(=O)c1ccc(C(=O)NO)cc1;CS(=O)(=O)NC(=O)c1ccc(C(=O)NO)cc1;6.1665;True
85;70;CCC=C(c1ccc(C(=O)NO)cc1)c1ccc(C(=O)NO)cc1;CCC=C(c1ccc(C(=O)NO)cc1)c1ccc(C(=O)NO)cc1;6.1651;True
86;53;O=C(O)Cc1ccc(C(=O)NO)cc1;O=C(O)Cc1ccc(C(=O)NO)cc1;6.1646;True
87;11;CS(=O)c1ccc(C(=O)NO)cc1;CS(=O)c1ccc(C(=O)NO)cc1;6.1635;True
88;181;CC(C)(C)C(C)(C)c1ccc(C(=O)NO)cc1;CC(C)(C)C(C)(C)c1ccc(C(=O)NO)cc1;6.1627;True
89;5;CC(C)(C)c1cccc(-c2ccc(C(=O)NO)cc2)c1;CC(C)(C)c1cccc(-c2ccc(C(=O)NO)cc2)c1;6.1613;True
90;20;O=C(NO)c1ccc(F)cc1;O=C(NO)c1ccc(F)cc1;6.1612;True
91;8;O=C(NO)c1cccc(=O)cc1;O=C(NO)c1cccc(=O)cc1;6.1594;True
92;41;O=C(NO)c1ccc(C(=O)c2cc(C(=O)NO)ccc2C(=O)NO)cc1;O=C(NO)c1ccc(C(=O)c2cc(C(=O)NO)ccc2C(=O)NO)cc1;6.159;True
93;3;Cc1ccc(-c2ccc(C(=O)NO)cc2)cc1;Cc1ccc(-c2ccc(C(=O)NO)cc2)cc1;6.1588;True
94;5;O=C(NO)c1ccc(CNc2ccc(C(=O)NO)cc2)cc1;O=C(NO)c1ccc(CNc2ccc(C(=O)NO)cc2)cc1;6.1541;True
95;70;CC(=NN)c1ccc(C(=O)NO)cc1;CC(=NN)c1ccc(C(=O)NO)cc1;6.1529;True
96;78;CC(=O)CCc1ccc(C(=O)NO)cc1;CC(=O)CCc1ccc(C(=O)NO)cc1;6.1527;True
97;5;O=C(NO)c1cccc(-c2ccc3ccccc3c2)c1;O=C(NO)c1cccc(-c2ccc3ccccc3c2)c1;6.1509;True
98;85;CC(=CN)c1ccc(C(=O)NO)cc1;CC(=CN)c1ccc(C(=O)NO)cc1;6.1506;True
99;38;O=C(NO)c1ccc(C(=NO)NO)cc1;O=C(NO)c1ccc(C(=NO)NO)cc1;6.1499;True
100;2;O=C(NO)c1ccc(-c2ccccc2)nc1;O=C(NO)c1ccc(-c2ccccc2)nc1;6.1458;True
101;91;C=C(C)c1ccc(C(=O)NO)cc1;C=C(C)c1ccc(C(=O)NO)cc1;6.1444;True
102;17;CC(=O)c1ccc(-c2ccc(C(=O)NO)cc2)cc1;CC(=O)c1ccc(-c2ccc(C(=O)NO)cc2)cc1;6.1434;True
103;8;Cc1ccc(C(=O)NO)cc1;Cc1ccc(C(=O)NO)cc1;6.1432;True
104;37;O=C(NO)c1ccc(C(=O)NO)c(F)c1;O=C(NO)c1ccc(C(=O)NO)c(F)c1;6.1413;True
105;18;O=C(NO)c1ccc(-c2ccoc2)cc1;O=C(NO)c1ccc(-c2ccoc2)cc1;6.1411;True
106;7;O=C(NO)c1cccc(Nc2ccccc2)c1;O=C(NO)c1cccc(Nc2ccccc2)c1;6.1408;True
107;21;C=CCc1ccc(C(=O)NO)cc1;C=CCc1ccc(C(=O)NO)cc1;6.1405;True
108;69;CC(C(=O)O)c1ccc(C(=O)NO)cc1;CC(C(=O)O)c1ccc(C(=O)NO)cc1;6.1398;True
109;50;O=C(NO)c1coc(C(=O)NO)c1;O=C(NO)c1coc(C(=O)NO)c1;6.1395;True
110;5;Cc1cccc(NCc2ccc(C(=O)NO)cc2)c1;Cc1cccc(NCc2ccc(C(=O)NO)cc2)c1;6.1392;True
111;7;CC(C)c1ccc(-c2ccc(C(=O)NO)cc2)cc1;CC(C)c1ccc(-c2ccc(C(=O)NO)cc2)cc1;6.1389;True
112;11;CC(Nc1ccccc1)c1ccc(C(=O)NO)cc1;CC(Nc1ccccc1)c1ccc(C(=O)NO)cc1;6.1375;True
113;22;O=C(NO)c1ccc(-c2cccc(C(=O)NO)c2)cc1;O=C(NO)c1ccc(-c2cccc(C(=O)NO)c2)cc1;6.1334;True
114;1;O=C(NO)c1ccc(-c2ccc3ccccc3c2)cc1;O=C(NO)c1ccc(-c2ccc3ccccc3c2)cc1;6.132;True
115;90;CC(=O)c1cccc(C(=O)NO)c1;CC(=O)c1cccc(C(=O)NO)c1;6.1318;True
116;5;O=C(NO)c1ccc(Nc2ccccc2)cc1;O=C(NO)c1ccc(Nc2ccccc2)cc1;6.1283;True
117;44;O=C(NO)c1ccc(S(=O)(=O)NO)cc1;O=C(NO)c1ccc(S(=O)(=O)NO)cc1;6.128;True
118;5;O=C(CCc1ccc2ccccc2c1)NO;O=C(CCc1ccc2ccccc2c1)NO;6.1253;True
119;4;O=C(Cc1ccccc1)NCCc1ccc(C(=O)NO)cc1;O=C(Cc1ccccc1)NCCc1ccc(C(=O)NO)cc1;6.119;True
120;6;O=C(NO)c1ccc(NCc2ccccc2)cc1;O=C(NO)c1ccc(NCc2ccccc2)cc1;6.1186;True
121;36;CC(=O)c1ccc(C(=O)NO)cc1;CC(=O)c1ccc(C(=O)NO)cc1;6.1174;True
122;144;CC(C)(Br)c1ccc(C(=O)NO)cc1;CC(C)(Br)c1ccc(C(=O)NO)cc1;6.1169;True
123;43;O=C(NO)c1ccc(C(=O)NO)c([O-])c1;O=C(NO)c1ccc(C(=O)NO)c([O-])c1;6.1151;True
124;36;O=C(NO)c1ccc[nH]1;O=C(NO)c1ccc[nH]1;6.1144;True
125;8;O=C(NO)c1ccc(-c2ccc(O)cc2)cc1;O=C(NO)c1ccc(-c2ccc(O)cc2)cc1;6.1046;True
126;6;O=C(NO)c1ccc(Cc2ccccc2)cc1;O=C(NO)c1ccc(Cc2ccccc2)cc1;6.1045;True
127;83;CC(Cc1ccc(C(=O)NO)cc1)C(=O)O;CC(Cc1ccc(C(=O)NO)cc1)C(=O)O;6.1024;True
128;9;O=C(NO)c1ccc(-c2ccc(Br)cc2)cc1;O=C(NO)c1ccc(-c2ccc(Br)cc2)cc1;6.0974;True
129;8;O=C(NO)c1cccc(CNCCc2ccccc2)c1;O=C(NO)c1cccc(CNCCc2ccccc2)c1;6.0944;True
130;49;O=C(NO)c1ccc(O)cc1;O=C(NO)c1ccc(O)cc1;6.091;True
131;34;CC(Oc1ccc(C(=O)NO)cc1)c1ccc(C(=O)NO)cc1;CC(Oc1ccc(C(=O)NO)cc1)c1ccc(C(=O)NO)cc1;6.091;True
132;7;Nc1ccc(-c2ccc(C(=O)NO)cc2)cc1;Nc1ccc(-c2ccc(C(=O)NO)cc2)cc1;6.0899;True
133;7;O=C(NO)c1ccc(-c2ccccc2F)cc1;O=C(NO)c1ccc(-c2ccccc2F)cc1;6.0869;True
134;16;O=C(NO)c1cccc(-c2ccc(F)cc2)c1;O=C(NO)c1cccc(-c2ccc(F)cc2)c1;6.0863;True
135;14;O=C(NO)c1ccc(-c2cc[nH]c2)cc1;O=C(NO)c1ccc(-c2cc[nH]c2)cc1;6.0858;True
136;16;O=C(NO)c1ccc(-c2cccc(O)c2)cc1;O=C(NO)c1ccc(-c2cccc(O)c2)cc1;6.0856;True
137;4;O=C(NO)c1ccc(-c2ccccn2)cc1;O=C(NO)c1ccc(-c2ccccn2)cc1;6.0843;True
138;4;O=C(NO)c1ccc(CNc2ccccc2)cc1;O=C(NO)c1ccc(CNc2ccccc2)cc1;6.083;True
139;21;O=C(NO)c1ccc(-c2ccc(-c3ccco3)cc2)cc1;O=C(NO)c1ccc(-c2ccc(-c3ccco3)cc2)cc1;6.0816;True
140;88;O=C(NO)c1ccc(C(F)F)cc1;O=C(NO)c1ccc(C(F)F)cc1;6.0797;True
141;5;O=C(NO)c1ccc(-c2ccco2)cc1;O=C(NO)c1ccc(-c2ccco2)cc1;6.0734;True
142;36;O=C(NO)c1cccc(F)c1;O=C(NO)c1cccc(F)c1;6.0733;True
143;128;CC(C)(C)Cc1ccc(C(=O)NO)cc1;CC(C)(C)Cc1ccc(C(=O)NO)cc1;6.0716;True
144;14;O=C(NO)c1ccc(C(=O)NO)cc1;O=C(NO)c1ccc(C(=O)NO)cc1;6.0711;True
145;92;CC(C)c1cccc(C(=O)NO)c1;CC(C)c1cccc(C(=O)NO)c1;6.0701;True
146;8;CCC(Nc1ccc(C(=O)NO)cc1)c1ccccc1;CCC(Nc1ccc(C(=O)NO)cc1)c1ccccc1;6.0684;True
147;5;CCc1ccc(-c2ccc(C(=O)NO)cc2)cc1;CCc1ccc(-c2ccc(C(=O)NO)cc2)cc1;6.0678;True
148;7;CC(C)c1ccc(C(=O)NO)cc1;CC(C)c1ccc(C(=O)NO)cc1;6.0665;True
149;6;Nc1ccc(C(=O)NO)cc1;Nc1ccc(C(=O)NO)cc1;6.0653;True
150;229;O=C(NO)c1ccc(Br)cc1;O=C(NO)c1ccc(Br)cc1;6.0621;True
151;24;O=C(NO)c1ccc(CCc2ccc(C(=O)NO)cc2)cc1;O=C(NO)c1ccc(CCc2ccc(C(=O)NO)cc2)cc1;6.0618;True
152;6;O=C(NO)c1ccc(Sc2ccccc2)cc1;O=C(NO)c1ccc(Sc2ccccc2)cc1;6.0606;True
153;105;CC(F)(F)Oc1ccc(C(=O)NO)cc1;CC(F)(F)Oc1ccc(C(=O)NO)cc1;6.059;True
154;5;O=C(NO)c1ccc(C2CCCCC2)cc1;O=C(NO)c1ccc(C2CCCCC2)cc1;6.0586;True
155;9;O=C(NO)c1ccsc1;O=C(NO)c1ccsc1;6.0569;True
156;33;CC(Cc1ccc(C(=O)NO)cc1)C(=O)NO;CC(Cc1ccc(C(=O)NO)cc1)C(=O)NO;6.0555;True
157;10;O=C(NCc1ccccc1)NCc1ccc(C(=O)NO)cc1;O=C(NCc1ccccc1)NCc1ccc(C(=O)NO)cc1;6.0485;True
158;5;O=C(NO)c1cccc(-c2ccccc2)c1;O=C(NO)c1cccc(-c2ccccc2)c1;6.046;True
159;116;O=C(NO)c1ccn(CO)c1;O=C(NO)c1ccn(CO)c1;6.0442;True
160;5;O=C(NO)c1ccc(C(=O)N2CCC(c3ccccc3)CC2)cc1;O=C(NO)c1ccc(C(=O)N2CCC(c3ccccc3)CC2)cc1;6.0426;True
161;25;O=C(NO)c1ccc(C=C(c2ccc(C(=O)NO)cc2)c2ccc(C(=O)NO)cc2)cc1;O=C(NO)c1ccc(C=C(c2ccc(C(=O)NO)cc2)c2ccc(C(=O)NO)cc2)cc1;6.04;True
162;7;CC(OC(=O)c1ccccc1)c1ccc(C(=O)NO)cc1;CC(OC(=O)c1ccccc1)c1ccc(C(=O)NO)cc1;6.0398;True
163;8;CCc1ccc(C(=O)NO)cc1;CCc1ccc(C(=O)NO)cc1;6.0373;True
164;13;O=C(NO)c1ccc(C(=O)c2ccc(C(=O)NO)cc2)cc1;O=C(NO)c1ccc(C(=O)c2ccc(C(=O)NO)cc2)cc1;6.033;True
165;22;O=C(NO)c1ccc(Cl)cc1;O=C(NO)c1ccc(Cl)cc1;6.0284;True
166;6;O=C(NO)c1ccc(-c2cccnc2)cc1;O=C(NO)c1ccc(-c2cccnc2)cc1;6.0269;True
167;7;O=C(NO)c1ccc(CCc2ccccc2)cc1;O=C(NO)c1ccc(CCc2ccccc2)cc1;6.0196;True
168;3;O=C(NCCc1ccccc1)c1cccc(-c2ccccn2)c1;O=C(NCCc1ccccc1)c1cccc(-c2ccccn2)c1;6.019;True
169;11;O=C(NO)c1ccc(-c2ccccc2-c2ccccc2)cc1;O=C(NO)c1ccc(-c2ccccc2-c2ccccc2)cc1;6.019;True
170;51;CC(NO)c1ccc(Cc2ccc(C(=O)NO)cc2)cc1;CC(NO)c1ccc(Cc2ccc(C(=O)NO)cc2)cc1;6.0161;True
171;10;O=C(NO)c1cccc(Cl)c1;O=C(NO)c1cccc(Cl)c1;6.0122;True
172;9;CN(c1ccccc1)c1ccc(C(=O)NO)cc1;CN(c1ccccc1)c1ccc(C(=O)NO)cc1;6.0116;True
173;6;Cc1ccc(NC(=O)c2cccc(N)c2)cc1;Cc1ccc(NC(=O)c2cccc(N)c2)cc1;6.0091;True
174;15;O=C(NO)c1ccc(SCCc2ccccc2)cc1;O=C(NO)c1ccc(SCCc2ccccc2)cc1;6.0089;True
175;16;O=C(NO)c1ccc(-c2ccc(C(=O)c3ccccc3)cc2)cc1;O=C(NO)c1ccc(-c2ccc(C(=O)c3ccccc3)cc2)cc1;6.0058;True
176;12;O=C(Cc1ccc(C(=O)NO)cc1)NO;O=C(Cc1ccc(C(=O)NO)cc1)NO;6.0056;True
177;8;O=C(NO)c1ccc2ccccc2n1;O=C(NO)c1ccc2ccccc2n1;6.0044;True
178;3;O=C(NO)c1ccc(-c2ccccc2)cc1;O=C(NO)c1ccc(-c2ccccc2)cc1;6.0041;True
179;7;O=C(NO)c1ccc(-c2ccc(-c3ccccc3)cc2)cc1;O=C(NO)c1ccc(-c2ccc(-c3ccccc3)cc2)cc1;6.0041;True
180;47;O=C(NO)OCc1ccc(C(=O)NO)cc1;O=C(NO)OCc1ccc(C(=O)NO)cc1;6.0005;True
181;7;O=S(=O)(Nc1ccccc1)c1ccccc1;O=S(=O)(Nc1ccccc1)c1ccccc1;5.9999;True
182;10;CC(NO)c1ccc(C(=O)NO)cc1;CC(NO)c1ccc(C(=O)NO)cc1;5.9997;True
183;20;O=C(NO)c1ccoc1;O=C(NO)c1ccoc1;5.9981;True
184;33;CSCc1ccc(C(=O)NO)cc1;CSCc1ccc(C(=O)NO)cc1;5.9956;True
185;37;O=C(CCc1ccc(C(=O)NO)cc1)NO;O=C(CCc1ccc(C(=O)NO)cc1)NO;5.9923;True
186;7;Cc1cccc(-c2ccc(C(=O)NO)cc2)c1;Cc1cccc(-c2ccc(C(=O)NO)cc2)c1;5.9914;True
187;19;O=C(NO)c1ccc(C(=O)Nc2cccc(-c3ccccc3)c2)cc1;O=C(NO)c1ccc(C(=O)Nc2cccc(-c3ccccc3)c2)cc1;5.9894;True
188;9;CC(NCc1ccccc1)c1ccc(C(=O)NO)cc1;CC(NCc1ccccc1)c1ccc(C(=O)NO)cc1;5.9866;True
189;6;O=C(NO)c1ccc(C#Cc2ccccc2)cc1;O=C(NO)c1ccc(C#Cc2ccccc2)cc1;5.9864;True
190;238;Cn1ccc(C(=O)NO)c1;Cn1ccc(C(=O)NO)c1;5.9809;True
191;42;CC(c1ccc(C(=O)NO)cc1)c1ccc(C(=O)NO)cc1;CC(c1ccc(C(=O)NO)cc1)c1ccc(C(=O)NO)cc1;5.9796;True
192;13;CN(Cc1ccc(C(=O)NO)cc1)c1ccccc1;CN(Cc1ccc(C(=O)NO)cc1)c1ccccc1;5.9746;True
193;8;O=C(NO)c1ccc(C(=O)c2ccccc2)cc1;O=C(NO)c1ccc(C(=O)c2ccccc2)cc1;5.9745;True
194;4;O=C(NO)c1ccc(OC2CCCC2)cc1;O=C(NO)c1ccc(OC2CCCC2)cc1;5.9713;True
195;9;O=C(NO)c1ccc(-c2cccc(-c3ccccc3)c2)cc1;O=C(NO)c1ccc(-c2cccc(-c3ccccc3)c2)cc1;5.9698;True
196;4;O=C(NO)c1ccc2cc(Cl)ccc2n1;O=C(NO)c1ccc2cc(Cl)ccc2n1;5.9684;True
197;56;CCOc1ccc(C(=O)NO)cc1;CCOc1ccc(C(=O)NO)cc1;5.9629;True
198;10;Nc1ccc(-c2cccc(-c3ccc(C(=O)NO)cc3)c2)cc1;Nc1ccc(-c2cccc(-c3ccc(C(=O)NO)cc3)c2)cc1;5.9608;True
199;58;NC(=O)c1ccc(C(=O)NO)cc1;NC(=O)c1ccc(C(=O)NO)cc1;5.9605;True
200;79;O=C(NO)c1ccc([O-])cc1;O=C(NO)c1ccc([O-])cc1;5.952;True
201;7;CCCc1ccc(C(=O)NO)cc1;CCCc1ccc(C(=O)NO)cc1;5.9513;True
202;22;COC(=O)c1ccc(C(=O)NO)cc1;COC(=O)c1ccc(C(=O)NO)cc1;5.95;True
203;13;CC(c1ccccc1)c1ccc(-c2ccc(C(=O)NO)cc2)cc1;CC(c1ccccc1)c1ccc(-c2ccc(C(=O)NO)cc2)cc1;5.9429;True
204;101;CC(F)c1ccc(C(=O)NO)cc1;CC(F)c1ccc(C(=O)NO)cc1;5.9414;True
205;26;O=C(NO)c1ccc(Oc2ccc(C(=O)NO)cc2)cc1;O=C(NO)c1ccc(Oc2ccc(C(=O)NO)cc2)cc1;5.9413;True
206;7;Cc1ccc(NC(=O)c2ccccc2)cc1;Cc1ccc(NC(=O)c2ccccc2)cc1;5.941;True
207;109;O=C(CCCCc1ccc(C(=O)NO)cc1)NO;O=C(CCCCc1ccc(C(=O)NO)cc1)NO;5.9369;True
208;18;CC(C(=O)NO)c1ccc(C(=O)NO)cc1;CC(C(=O)NO)c1ccc(C(=O)NO)cc1;5.9358;True
209;11;Cc1cccc(C(=O)NO)c1;Cc1cccc(C(=O)NO)c1;5.9284;True
210;9;CC(c1ccccc1)c1ccc(C(=O)NO)cc1;CC(c1ccccc1)c1ccc(C(=O)NO)cc1;5.9223;True
211;9;Nc1cccc(-c2ccc(C(=O)NO)cc2)c1;Nc1cccc(-c2ccc(C(=O)NO)cc2)c1;5.9216;True
212;9;Cc1cncc(C(=O)NO)c1;Cc1cncc(C(=O)NO)c1;5.9213;True
213;38;CCCCc1ccc(C(=O)NO)cc1;CCCCc1ccc(C(=O)NO)cc1;5.9144;True
214;13;O=C(CCCc1ccc(C(=O)NO)cc1)NO;O=C(CCCc1ccc(C(=O)NO)cc1)NO;5.9115;True
215;7;C[N+]([O-])c1ccc(C(=O)NO)cc1;C[N+]([O-])c1ccc(C(=O)NO)cc1;5.9089;True
216;9;O=C(NO)c1ccncc1;O=C(NO)c1ccncc1;5.9055;True
217;12;CCCCCNCc1ccc(C(=O)NO)cc1;CCCCCNCc1ccc(C(=O)NO)cc1;5.905;True
218;17;O=C(NO)c1ccc(C(NO)c2ccc(C(=O)NO)cc2)cc1;O=C(NO)c1ccc(C(NO)c2ccc(C(=O)NO)cc2)cc1;5.9025;True
219;9;O=C(NO)c1ccc(-c2ccccc(=O)c2)cc1;O=C(NO)c1ccc(-c2ccccc(=O)c2)cc1;5.9006;True
220;4;O=C(NO)c1ccccc1;O=C(NO)c1ccccc1;5.8998;True
221;8;O=C(C=Cc1ccccc1)c1ccc(C(=O)NO)cc1;O=C(C=Cc1ccccc1)c1ccc(C(=O)NO)cc1;5.8988;True
222;50;O=C(NO)c1cc[nH]c1;O=C(NO)c1cc[nH]c1;5.8952;True
223;15;ON=C(NO)c1ccccc1;ON=C(NO)c1ccccc1;5.8917;True
224;54;CC(NO)c1ccc(CCc2ccc(C(=O)NO)cc2)cc1;CC(NO)c1ccc(CCc2ccc(C(=O)NO)cc2)cc1;5.872;True
225;6;O=C(CCCCCc1ccccc1)NO;O=C(CCCCCc1ccccc1)NO;5.871;True
226;97;O=C(O)CCc1ccc(C(=O)NO)cc1;O=C(O)CCc1ccc(C(=O)NO)cc1;5.8682;True
227;45;CC(NO)c1ccc(CC(=O)NO)cc1;CC(NO)c1ccc(CC(=O)NO)cc1;5.8679;True
228;12;C[SH](Cc1ccccc1)c1ccc(C(=O)NO)cc1;C[SH](Cc1ccccc1)c1ccc(C(=O)NO)cc1;5.8634;True
229;33;CCC(c1ccccc1)c1ccc(C(=O)NO)cc1;CCC(c1ccccc1)c1ccc(C(=O)NO)cc1;5.859;True
230;38;O=C(NO)c1ccc(COc2ccc(C(=O)NO)cc2)cc1;O=C(NO)c1ccc(COc2ccc(C(=O)NO)cc2)cc1;5.8561;True
231;7;CC(C)C(C(=O)NO)c1ccccc1;CC(C)C(C(=O)NO)c1ccccc1;5.8543;True
232;103;CC(CO)c1ccc(C(=O)NO)cc1;CC(CO)c1ccc(C(=O)NO)cc1;5.8542;True
233;6;O=C(NO)c1cccnc1;O=C(NO)c1cccnc1;5.8541;True
234;6;O=C(NO)c1ccc(Oc2ccccc2)cc1;O=C(NO)c1ccc(Oc2ccccc2)cc1;5.8539;True
235;8;CC(C(=O)NO)C(c1ccccc1)c1ccccc1;CC(C(=O)NO)C(c1ccccc1)c1ccccc1;5.8503;True
236;162;O=C(NO)c1csc(C(=O)NO)c1;O=C(NO)c1csc(C(=O)NO)c1;5.8473;True
237;8;O=C(NO)c1ccc(C2CC2c2ccccc2)cc1;O=C(NO)c1ccc(C2CC2c2ccccc2)cc1;5.8442;True
238;0;Cc1ccc(NC(=O)c2ccc(CN3CCCC3)cc2)cc1;Cc1ccc(NC(=O)c2ccc(CN3CCCC3)cc2)cc1;5.8378;True
239;57;O=C(NO)c1ccc(C(CO)c2ccc(C(=O)NO)cc2)cc1;O=C(NO)c1ccc(C(CO)c2ccc(C(=O)NO)cc2)cc1;5.8359;True
240;88;CC(CC(=O)NO)C(=O)O;CC(CC(=O)NO)C(=O)O;5.8358;True
241;7;O=C(NO)c1ccn(-c2ccccc2)c1;O=C(NO)c1ccn(-c2ccccc2)c1;5.8316;True
242;14;O=C(NO)c1ccc(C(NO)c2ccccc2)cc1;O=C(NO)c1ccc(C(NO)c2ccccc2)cc1;5.8253;True
243;13;O=C(NO)c1ccc(CN2CCc3ccccc3C2)cc1;O=C(NO)c1ccc(CN2CCc3ccccc3C2)cc1;5.8136;True
244;47;O=C(NO)c1ccc(CC(O)c2ccc(C(=O)NO)cc2)cc1;O=C(NO)c1ccc(CC(O)c2ccc(C(=O)NO)cc2)cc1;5.8134;True
245;14;COc1ccccc1C(=O)NO;COc1ccccc1C(=O)NO;5.811;True
246;7;O=C(NO)c1ccc(OCc2ccccc2)cc1;O=C(NO)c1ccc(OCc2ccccc2)cc1;5.8088;True
247;4;O=C(Cc1ccc(-c2ccccc2)cc1)NO;O=C(Cc1ccc(-c2ccccc2)cc1)NO;5.8041;True
248;23;O=C(NO)c1ccc(C(=O)c2ccccc2C(=O)NO)cc1;O=C(NO)c1ccc(C(=O)c2ccccc2C(=O)NO)cc1;5.793;True
249;6;CS(=O)(=O)NC(=O)c1ccc(-c2ccccc2)cc1;CS(=O)(=O)NC(=O)c1ccc(-c2ccccc2)cc1;5.7926;True
250;41;CCC(c1ccc(C(=O)NO)cc1)c1ccc(C(=O)NO)cc1;CCC(c1ccc(C(=O)NO)cc1)c1ccc(C(=O)NO)cc1;5.7888;True
251;61;O=C(Cc1ccc(C(=O)NO)cc1)C(=O)NO;O=C(Cc1ccc(C(=O)NO)cc1)C(=O)NO;5.7769;True
252;15;COCC(c1ccc(C(=O)NO)cc1)c1ccc(C(=O)NO)cc1;COCC(c1ccc(C(=O)NO)cc1)c1ccc(C(=O)NO)cc1;5.7724;True
253;47;Cn1cccc1C(=O)NO;Cn1cccc1C(=O)NO;5.7711;True
254;6;CS(=O)(=O)c1ccc(CNCc2ccc(C(=O)NO)cc2)cc1;CS(=O)(=O)c1ccc(CNCc2ccc(C(=O)NO)cc2)cc1;5.7674;True
255;8;O=C(NCC=Cc1ccccc1)c1ccccc1;O=C(NCC=Cc1ccccc1)c1ccccc1;5.7647;True
256;100;CC(C)C(C)C(=O)NO;CC(C)C(C)C(=O)NO;5.7617;True
257;11;CC(C(=O)NO)c1ccccc1;CC(C(=O)NO)c1ccccc1;5.758;True
258;33;O=C(NO)c1ccco1;O=C(NO)c1ccco1;5.7572;True
259;6;CNC(=O)C(=O)NCc1ccc(C(=O)NO)cc1;CNC(=O)C(=O)NCc1ccc(C(=O)NO)cc1;5.7513;True
260;5;O=C(Cc1ccccc1)NO;O=C(Cc1ccccc1)NO;5.7499;True
261;11;O=C(NO)c1cccs1;O=C(NO)c1cccs1;5.7496;True
262;6;O=C(CCc1ccc(-c2ccccc2)cc1)NO;O=C(CCc1ccc(-c2ccccc2)cc1)NO;5.7437;True
263;98;CC(C)(C)c1ccc(C(N)=O)cc1;CC(C)(C)c1ccc(C(N)=O)cc1;5.7434;True
264;103;CC(C)(C)c1ccc(C(=O)O)cc1;CC(C)(C)c1ccc(C(=O)O)cc1;5.7397;True
265;5;O=C(CCc1ccccc1)NO;O=C(CCc1ccccc1)NO;5.7359;True
266;10;CCc1ccccc1C(=O)NO;CCc1ccccc1C(=O)NO;5.7339;True
267;3;CC(=Cc1ccccc1)CNCc1ccc(C(=O)NO)cc1;CC(=Cc1ccccc1)CNCc1ccc(C(=O)NO)cc1;5.7317;True
268;7;O=C(NO)c1ccc(C(c2ccccc2)c2ccccc2)cc1;O=C(NO)c1ccc(C(c2ccccc2)c2ccccc2)cc1;5.7252;True
269;9;O=C(NO)c1ccc(CNCCc2ccccc2)cc1;O=C(NO)c1ccc(CNCCc2ccccc2)cc1;5.721;True
270;42;CCC(C(=O)NO)c1ccc(C(=O)NO)cc1;CCC(C(=O)NO)c1ccc(C(=O)NO)cc1;5.7091;True
271;7;O=C(NO)c1ccccc1-c1ccccc1;O=C(NO)c1ccccc1-c1ccccc1;5.7065;True
272;6;Cc1ccccc1C(=O)NO;Cc1ccccc1C(=O)NO;5.6952;True
273;10;O=C(CCCCc1ccccc1)NO;O=C(CCCCc1ccccc1)NO;5.6898;True
274;10;O=C(NO)c1ccccc1Cl;O=C(NO)c1ccccc1Cl;5.6817;True
275;8;O=C(NO)c1ccc(CNCc2ccccc2)cc1;O=C(NO)c1ccc(CNCc2ccccc2)cc1;5.6788;True
276;16;O=C(NO)Oc1ccccc1;O=C(NO)Oc1ccccc1;5.6742;True
277;126;O=C(CCC1CCCCC1)NO;O=C(CCC1CCCCC1)NO;5.666;True
278;39;O=C(NO)C(=O)c1ccc(C(=O)NO)cc1;O=C(NO)C(=O)c1ccc(C(=O)NO)cc1;5.6577;True
279;3;c1ccc2ncccc2c1;c1ccc2ncccc2c1;5.646;True
280;85;O=C(CCCc1ccc(C(=O)NO)cc1)C(=O)NO;O=C(CCCc1ccc(C(=O)NO)cc1)C(=O)NO;5.6361;True
281;7;O=C(NO)c1ccccc1Br;O=C(NO)c1ccccc1Br;5.6294;True
282;91;CC(C(=O)NO)C(C)(C)C;CC(C(=O)NO)C(C)(C)C;5.626;True
283;39;O=C(NO)C(=NO)c1ccc(C(=O)NO)cc1;O=C(NO)C(=NO)c1ccc(C(=O)NO)cc1;5.6244;True
284;103;CC(CCC(=O)NO)C(=O)O;CC(CCC(=O)NO)C(=O)O;5.6223;True
285;7;N#Cc1ccc(-c2ccncc2)cc1;N#Cc1ccc(-c2ccncc2)cc1;5.6218;True
286;19;O=C(NO)c1ccccc1F;O=C(NO)c1ccccc1F;5.6153;True
287;89;CC(C)C(=O)NO;CC(C)C(=O)NO;5.61;True
288;5;O=C(NO)c1ccc(CN2CCCc3ccccc32)cc1;O=C(NO)c1ccc(CN2CCCc3ccccc32)cc1;5.6053;True
289;80;O=C(CCc1ccc(C(=O)NO)cc1)C(=O)NO;O=C(CCc1ccc(C(=O)NO)cc1)C(=O)NO;5.6049;True
290;7;O=C(NO)c1csc2ccccc12;O=C(NO)c1csc2ccccc12;5.587;True
291;7;O=C(NO)c1ccccn1;O=C(NO)c1ccccn1;5.5757;True
292;6;CCCCCCCCCC(=O)NO;CCCCCCCCCC(=O)NO;5.5663;True
293;71;O=C(NO)c1ccccc1[O-];O=C(NO)c1ccccc1[O-];5.5636;True
294;6;O=C(Nc1ccccc1)c1ccccc1;O=C(Nc1ccccc1)c1ccccc1;5.5624;True
295;4;O=C(NCCc1ccccc1)c1ccccc1;O=C(NCCc1ccccc1)c1ccccc1;5.561;True
296;14;NC(C(=O)NO)c1ccc(-c2ccccc2)cc1;NC(C(=O)NO)c1ccc(-c2ccccc2)cc1;5.557;True
297;83;CC(C)CC(=O)NO;CC(C)CC(=O)NO;5.5533;True
298;9;CCc1ccccc1CNC(=O)c1ccccc1;CCc1ccccc1CNC(=O)c1ccccc1;5.5521;True
299;6;COc1ccc(-c2ccncc2)cc1;COc1ccc(-c2ccncc2)cc1;5.544;True
300;6;c1ccc(-c2ccccn2)cc1;c1ccc(-c2ccccn2)cc1;5.5406;True
301;5;NS(=O)(=O)c1ccc(C(=O)NCc2ccccc2)cc1;NS(=O)(=O)c1ccc(C(=O)NCc2ccccc2)cc1;5.5348;True
302;3;O=C(NO)c1ccc(CNCCCc2ccccc2)cc1;O=C(NO)c1ccc(CNCCCc2ccccc2)cc1;5.5294;True
303;5;O=C(NO)c1ccccc1CNCc1ccccc1;O=C(NO)c1ccccc1CNCc1ccccc1;5.5204;True
304;7;O=C(NCc1ccccc1)c1ccccc1;O=C(NCc1ccccc1)c1ccccc1;5.5179;True
305;8;NCc1ccccc1;NCc1ccccc1;5.5109;True
306;10;Cc1cccc(C)c1;Cc1cccc(C)c1;5.4998;True
307;7;O=C(Cc1ccccc1)NCc1ccccc1-c1ccccc1;O=C(Cc1ccccc1)NCc1ccccc1-c1ccccc1;5.4891;True
308;5;c1ccc2ccccc2c1;c1ccc2ccccc2c1;5.4788;True
309;5;Cc1ccc(C(=O)NCCc2ccccc2)cc1;Cc1ccc(C(=O)NCCc2ccccc2)cc1;5.4747;True
310;7;c1ccc(Cc2ccccc2)cc1;c1ccc(Cc2ccccc2)cc1;5.4599;True
311;6;CONC(=O)c1ccc(C)cc1;CONC(=O)c1ccc(C)cc1;5.4583;True
312;5;c1ccc(-c2ccccc2)cc1;c1ccc(-c2ccccc2)cc1;5.4563;True
313;13;Brc1ccccc1;Brc1ccccc1;5.4487;True
314;15;c1ccc(-c2ccncc2)cc1;c1ccc(-c2ccncc2)cc1;5.4328;True
315;4;OCCCNCc1ccc2ccccc2c1;OCCCNCc1ccc2ccccc2c1;5.4234;True
316;9;O=C(O)c1ccccc1;O=C(O)c1ccccc1;5.4157;True
317;10;CCc1ccccc1;CCc1ccccc1;5.4088;True
318;7;Cc1ccccc1C;Cc1ccccc1C;5.4067;True
319;6;c1ccc(CNc2ccccc2)cc1;c1ccc(CNc2ccccc2)cc1;5.4061;True
320;9;O=C(O)CCSc1ccccc1;O=C(O)CCSc1ccccc1;5.4045;True
321;9;CC(=O)c1ccccc1;CC(=O)c1ccccc1;5.3996;True
322;99;CC(CC(=O)O)C(=O)O;CC(CC(=O)O)C(=O)O;5.3981;True
323;13;Sc1ccccc1;Sc1ccccc1;5.3961;True
324;10;c1ccc(Cn2ccc3ccccc32)cc1;c1ccc(Cn2ccc3ccccc32)cc1;5.3958;True
325;8;Cc1ccccc1;Cc1ccccc1;5.3942;True
326;6;c1ccc(Cc2ccccc2Cc2ccccc2)cc1;c1ccc(Cc2ccccc2Cc2ccccc2)cc1;5.3872;True
327;6;O=C(NO)c1cccc2ccccc12;O=C(NO)c1cccc2ccccc12;5.3813;True
328;19;NNC(=O)c1ccccc1;NNC(=O)c1ccccc1;5.3796;True
329;12;Nc1ccccc1;Nc1ccccc1;5.3673;True
330;4;CCN1CCc2ccccc2C1c1ccccc1;CCN1CCc2ccccc2C1c1ccccc1;5.3646;True
331;4;O=C(Nc1cccc(-c2ccccc2)c1)c1ccccc1;O=C(Nc1cccc(-c2ccccc2)c1)c1ccccc1;5.3525;True
332;9;c1ccsc1;c1ccsc1;5.3348;True
333;11;COC(=O)c1ccccc1;COC(=O)c1ccccc1;5.3341;True
334;8;NC(=O)CCc1ccccc1;NC(=O)CCc1ccccc1;5.315;True
335;8;c1ccc(Nc2ccccc2)cc1;c1ccc(Nc2ccccc2)cc1;5.3039;True
336;92;CC(C)C(=O)O;CC(C)C(=O)O;5.2945;True
337;6;CCCc1ccccc1;CCCc1ccccc1;5.2872;True
338;8;O=C(O)c1ccccc1Cc1ccccc1;O=C(O)c1ccccc1Cc1ccccc1;5.2806;True
339;104;CC(C)CC(=O)O;CC(C)CC(=O)O;5.1853;True
340;7;NCCCCCc1ccccc1;NCCCCCc1ccccc1;5.1728;True
341;116;CC(=O)CCC(=O)O;CC(=O)CCC(=O)O;5.1613;True
342;92;CCC(=O)O;CCC(=O)O;5.1363;True
343;6;Cc1ccc(C(=O)Nc2ccccc2N)cc1;Cc1ccc(C(=O)Nc2ccccc2N)cc1;5.1108;True
344;106;CC(C)(C)CCC(=O)O;CC(C)(C)CCC(=O)O;5.0616;True
345;6;c1ccc(CNCc2ccccc2)cc1;c1ccc(CNCc2ccccc2)cc1;5.0387;True
346;105;O=C(O)CCCC(=O)O;O=C(O)CCCC(=O)O;5.0293;True
347;101;O=C(O)CCC(=O)O;O=C(O)CCC(=O)O;5.0108;True
348;117;CCCC(=O)NO;CCCC(=O)NO;4.9706;True
349;3;c1ccc(CCCNCc2ccccc2)cc1;c1ccc(CCCNCc2ccccc2)cc1;4.8228;True
350;107;CCCC(=O)O;CCCC(=O)O;4.786;True
351;8;O=C(NO)C(c1ccccc1)c1ccccc1;O=C(NO)C(c1ccccc1)c1ccccc1;4.7493;True
