No.;step;generated_smiles;canonical_smiles;predicted_pIC50;SAScore;in_AD;Muegge rules;
1;63;O=C(NO)c1cccc(NS(=O)(=O)c2ccccc2)c1;O=C(NO)c1cccc(NS(=O)(=O)c2ccccc2)c1;7.2693;1.728;true;yes;
2;196;O=C(NO)c1ccc(NC(=O)c2ccc(Br)cc2Br)cc1;O=C(NO)c1ccc(NC(=O)c2ccc(Br)cc2Br)cc1;7.2443;1.874;true;yes;
3;198;O=C(NO)c1ccc(NC(=O)c2cc(Br)cc(Br)c2F)cc1;O=C(NO)c1ccc(NC(=O)c2cc(Br)cc(Br)c2F)cc1;7.2368;2.132;true;yes;
4;76;N#Cc1cccc(NS(=O)(=O)c2cccc(C(=O)NO)c2)c1;N#Cc1cccc(NS(=O)(=O)c2cccc(C(=O)NO)c2)c1;7.2148;2.02;true;yes;
5;235;O=C(NO)c1ccc(Br)c(NS(=O)(=O)c2ccccc2)c1;O=C(NO)c1ccc(Br)c(NS(=O)(=O)c2ccccc2)c1;7.2087;1.932;true;yes;
6;201;O=C(NO)c1ccc(NC(=O)c2c(Cl)cc(Br)cc2Br)cc1;O=C(NO)c1ccc(NC(=O)c2c(Cl)cc(Br)cc2Br)cc1;7.0933;2.179;true;yes;
7;66;CC(=O)c1ccc(NS(=O)(=O)c2ccc(C(=O)NO)cc2)cc1;CC(=O)c1ccc(NS(=O)(=O)c2ccc(C(=O)NO)cc2)cc1;7.0896;1.822;true;yes;
8;42;O=C(NO)c1ccc(NS(=O)(=O)c2ccccc2)cc1;O=C(NO)c1ccc(NS(=O)(=O)c2ccccc2)cc1;7.0891;1.677;true;yes;
9;202;O=C(NO)c1ccc(NC(=O)c2ccc(Cl)c(F)c2)cc1;O=C(NO)c1ccc(NC(=O)c2ccc(Cl)c(F)c2)cc1;7.0545;1.754;true;yes;
10;72;Cc1ccc(C(=O)Nc2ccc(C(=O)NO)cc2)cc1C;Cc1ccc(C(=O)Nc2ccc(C(=O)NO)cc2)cc1C;7.0239;1.642;true;yes;
11;78;O=C(NO)c1ccc(NC(=O)c2cccc(F)c2)cc1;O=C(NO)c1ccc(NC(=O)c2cccc(F)c2)cc1;7.0237;1.629;true;yes;
12;81;O=C(NO)c1cccc(S(=O)(=O)Nc2ccc(Br)cc2)c1;O=C(NO)c1cccc(S(=O)(=O)Nc2ccc(Br)cc2)c1;6.9875;1.863;true;yes;
13;202;O=C(NO)c1ccc(NC(=O)c2cc(F)ccc2F)cc1;O=C(NO)c1ccc(NC(=O)c2cc(F)ccc2F)cc1;6.9613;1.773;true;yes;
14;197;O=C(NO)c1ccc(NC(=O)c2c(F)c(F)cc(Br)c2Br)cc1;O=C(NO)c1ccc(NC(=O)c2c(F)c(F)cc(Br)c2Br)cc1;6.958;2.377;true;yes;
15;82;O=C(NO)c1cccc(NS(=O)(=O)c2cccc(Br)c2)c1;O=C(NO)c1cccc(NS(=O)(=O)c2cccc(Br)c2)c1;6.9521;1.928;true;yes;
16;61;CC(=O)c1ccc(C(=O)Nc2ccc(C(=O)NO)cc2)cc1;CC(=O)c1ccc(C(=O)Nc2ccc(C(=O)NO)cc2)cc1;6.9408;1.645;true;yes;
17;202;O=C(NO)c1ccc(NC(=O)c2cc(F)cc(Br)c2)cc1;O=C(NO)c1ccc(NC(=O)c2cc(F)cc(Br)c2)cc1;6.9301;1.891;true;yes;
18;62;CC(=O)c1ccc(NC(=O)c2ccc(C(=O)NO)cc2)cc1;CC(=O)c1ccc(NC(=O)c2ccc(C(=O)NO)cc2)cc1;6.9277;1.645;true;yes;
19;200;O=C(NO)c1ccc(NC(=O)c2cc(Br)ccc2F)cc1;O=C(NO)c1ccc(NC(=O)c2cc(Br)ccc2F)cc1;6.926;1.812;true;yes;
20;70;NC(=O)c1ccc(C(=O)Nc2ccc(C(=O)NO)cc2)cc1;NC(=O)c1ccc(C(=O)Nc2ccc(C(=O)NO)cc2)cc1;6.9153;1.671;true;yes;
21;161;Cc1ccc(C(=O)NO)cc1NC(=O)c1ccc(Br)cc1Br;Cc1ccc(C(=O)NO)cc1NC(=O)c1ccc(Br)cc1Br;6.9128;1.982;true;yes;
22;177;Cc1ccc(C(=O)NO)cc1NC(=O)c1cc(Br)cc(Br)c1F;Cc1ccc(C(=O)NO)cc1NC(=O)c1cc(Br)cc(Br)c1F;6.9121;2.23;true;yes;
23;233;O=C(NO)c1cccc(NS(=O)(=O)c2cccc(Cl)c2)c1;O=C(NO)c1cccc(NS(=O)(=O)c2cccc(Cl)c2)c1;6.9079;1.868;true;yes;
24;166;O=C(NO)c1ccc(C(F)F)c(NC(=O)c2ccc(Br)cc2Br)c1;O=C(NO)c1ccc(C(F)F)c(NC(=O)c2ccc(Br)cc2Br)c1;6.9065;2.383;true;yes;
25;79;O=C(NO)c1cccc(NS(=O)(=O)c2ccc(Br)cc2)c1;O=C(NO)c1cccc(NS(=O)(=O)c2ccc(Br)cc2)c1;6.9053;1.856;true;yes;
26;199;O=C(NO)c1ccc(NC(=O)c2cc(Br)ccc2Br)cc1;O=C(NO)c1ccc(NC(=O)c2cc(Br)ccc2Br)cc1;6.8997;1.873;true;yes;
27;69;O=C(NO)c1ccc(NC(=O)c2ccc(C(=O)NO)cc2)cc1;O=C(NO)c1ccc(NC(=O)c2ccc(C(=O)NO)cc2)cc1;6.898;1.766;true;yes;
28;66;c1(C)ccc(NC(c2c(C)cc(C(NO)=O)cc2)=O)cc1 ;c1(C)ccc(NC(c2c(C)cc(C(NO)=O)cc2)=O)cc1 ;6.893;1.535;true;yes;
29;202;O=C(NO)c1ccc(NC(=O)c2c(Cl)ccc(F)c2Cl)cc1;O=C(NO)c1ccc(NC(=O)c2c(Cl)ccc(F)c2Cl)cc1;6.887;2.024;true;yes;
30;179;Cc1ccc(C(=O)NO)cc1NCc1cc(Br)cc(Br)c1F;Cc1ccc(C(=O)NO)cc1NCc1cc(Br)cc(Br)c1F;6.8773;2.358;true;yes;
31;240;O=C(NO)c1cccc(NS(=O)(=O)c2cc(Cl)cc(Cl)c2)c1;O=C(NO)c1cccc(NS(=O)(=O)c2cc(Cl)cc(Cl)c2)c1;6.8771;2.056;true;yes;
32;71;O=C(NO)c1cccc(CNS(=O)(=O)c2ccccc2)c1;O=C(NO)c1cccc(CNS(=O)(=O)c2ccccc2)c1;6.8722;1.801;true;yes;
33;181;Cc1ccc(C(=O)NO)cc1NCc1ccc(Br)cc1Br;Cc1ccc(C(=O)NO)cc1NCc1ccc(Br)cc1Br;6.8718;2.109;true;yes;
34;249;O=C(NO)c1cccc(NS(=O)(=O)c2cc(Cl)c(Cl)c(Cl)c2)c1;O=C(NO)c1cccc(NS(=O)(=O)c2cc(Cl)c(Cl)c(Cl)c2)c1;6.8715;2.194;true;yes;
35;171;Cc1ccc(C(=O)NO)cc1NCc1cc(Br)cc(Br)c1C;Cc1ccc(C(=O)NO)cc1NCc1cc(Br)cc(Br)c1C;6.8685;2.338;true;yes;
36;181;Cc1ccc(C(=O)NO)cc1NC(=O)c1cc(Br)cc(Br)c1Cl;Cc1ccc(C(=O)NO)cc1NC(=O)c1cc(Br)cc(Br)c1Cl;6.8607;2.263;true;yes;
37;59;O=C(NO)c1cccc(NS(=O)(=O)c2ccc(Cl)cc2)c1;O=C(NO)c1cccc(NS(=O)(=O)c2ccc(Cl)cc2)c1;6.8581;1.792;true;yes;
38;70;Cc1ccccc1C(=O)Nc1ccc(C(=O)NO)cc1;Cc1ccccc1C(=O)Nc1ccc(C(=O)NO)cc1;6.8445;1.594;true;yes;
39;222;O=C(NO)c1cccc(NS(=O)(=O)c2cccc(F)c2)c1;O=C(NO)c1cccc(NS(=O)(=O)c2cccc(F)c2)c1;6.8399;1.877;true;yes;
40;248;O=C(NO)c1cccc(NS(=O)(=O)c2cc(F)cc(Br)c2)c1;O=C(NO)c1cccc(NS(=O)(=O)c2cc(F)cc(Br)c2)c1;6.8392;2.139;true;yes;
41;241;O=C(NO)c1cccc(NS(=O)(=O)c2ccc(Cl)c(Cl)c2)c1;O=C(NO)c1cccc(NS(=O)(=O)c2ccc(Cl)c(Cl)c2)c1;6.8378;1.929;true;yes;
42;62;O=C(NO)c1ccc(NC(=O)c2ccc(Br)cc2)cc1;O=C(NO)c1ccc(NC(=O)c2ccc(Br)cc2)cc1;6.8356;1.619;true;yes;
43;73;N#Cc1ccc(C(=O)Nc2ccc(C(=O)NO)cc2)cc1;N#Cc1ccc(C(=O)Nc2ccc(C(=O)NO)cc2)cc1;6.8334;1.743;true;yes;
44;194;O=C(NO)c1ccc(NC(=O)c2c(Br)ccc(Br)c2Br)cc1;O=C(NO)c1ccc(NC(=O)c2c(Br)ccc(Br)c2Br)cc1;6.8306;2.299;true;yes;
45;199;O=C(NO)c1ccc(Br)c(NC(=O)c2cc(Br)cc(Br)c2F)c1;O=C(NO)c1ccc(Br)c(NC(=O)c2cc(Br)cc(Br)c2F)c1;6.829;2.369;true;yes;
46;81;O=C(NO)c1cccc(NCc2ccc(Br)cc2Br)c1;O=C(NO)c1cccc(NCc2ccc(Br)cc2Br)c1;6.8281;2.053;true;yes;
47;100;COc1ccc(C(=O)Nc2cc(C(=O)NO)cc(Br)c2Br)cc1Br;COc1ccc(C(=O)Nc2cc(C(=O)NO)cc(Br)c2Br)cc1Br;6.8273;2.358;true;yes;
48;106;O=C(NO)c1cc(Br)c(F)c(NCc2ccc(Br)cc2Br)c1;O=C(NO)c1cc(Br)c(F)c(NCc2ccc(Br)cc2Br)c1;6.8235;2.509;true;yes;
49;72;Cc1cccc(C(=O)Nc2ccc(C(=O)NO)cc2)c1;Cc1cccc(C(=O)Nc2ccc(C(=O)NO)cc2)c1;6.8197;1.598;true;yes;
50;201;O=C(NO)c1ccc(NC(=O)c2ccccc2F)cc1;O=C(NO)c1ccc(NC(=O)c2ccccc2F)cc1;6.8194;1.623;true;yes;
51;67;N#Cc1cccc(C(=O)Nc2ccc(C(=O)NO)cc2)c1;N#Cc1cccc(C(=O)Nc2ccc(C(=O)NO)cc2)c1;6.8151;1.798;true;yes;
52;200;O=C(NO)c1ccc(NC(=O)c2cc(Br)ccc2Cl)cc1;O=C(NO)c1ccc(NC(=O)c2cc(Br)ccc2Cl)cc1;6.8101;1.775;true;yes;
53;164;O=C(NO)c1ccc(C(F)(F)F)c(NC(=O)c2ccc(Br)cc2Br)c1;O=C(NO)c1ccc(C(F)(F)F)c(NC(=O)c2ccc(Br)cc2Br)c1;6.8064;2.248;true;yes;
54;180;O=C(NO)c1ccc(Cl)c(NCc2cc(Br)cc(Br)c2F)c1;O=C(NO)c1ccc(Cl)c(NCc2cc(Br)cc(Br)c2F)c1;6.8049;2.388;true;yes;
55;199;O=C(NO)c1ccc(Br)c(NCc2ccc(Br)cc2Br)c1;O=C(NO)c1ccc(Br)c(NCc2ccc(Br)cc2Br)c1;6.8033;2.237;true;yes;
56;196;O=C(NO)c1ccc(Br)c(NC(=O)c2c(Br)cc(Br)cc2Br)c1;O=C(NO)c1ccc(Br)c(NC(=O)c2c(Br)cc(Br)cc2Br)c1;6.7985;2.462;true;no; 1 violations
57;187;O=C(NO)c1cccc(NCc2cc(Br)cc(Br)c2F)c1;O=C(NO)c1cccc(NCc2cc(Br)cc(Br)c2F)c1;6.796;2.31;true;yes;
58;132;O=C(NO)c1ccc(F)c(NCc2cc(Br)cc(Br)c2F)c1;O=C(NO)c1ccc(F)c(NCc2cc(Br)cc(Br)c2F)c1;6.7894;2.402;true;yes;
59;196;O=C(NO)c1ccc(Br)c(NC(=O)c2ccc(Br)cc2Br)c1;O=C(NO)c1ccc(Br)c(NC(=O)c2ccc(Br)cc2Br)c1;6.7889;2.125;true;yes;
60;196;O=C(NO)c1ccc(Br)c(NC(=O)c2cc(Br)cc(Br)c2Br)c1;O=C(NO)c1ccc(Br)c(NC(=O)c2cc(Br)cc(Br)c2Br)c1;6.7889;2.41;true;no; 1 violations
61;103;O=C(NO)c1cc(Br)c(Br)c(NCc2ccc(Br)cc2Br)c1;O=C(NO)c1cc(Br)c(Br)c(NCc2ccc(Br)cc2Br)c1;6.7844;2.589;true;no; 1 violations
62;83;O=C(NO)c1ccc(NC(=O)c2ccc(F)c(Cl)c2)cc1;O=C(NO)c1ccc(NC(=O)c2ccc(F)c(Cl)c2)cc1;6.7815;1.726;true;yes;
63;64;O=C(NO)c1ccc(S(=O)(=O)Nc2ccccc2)cc1;O=C(NO)c1ccc(S(=O)(=O)Nc2ccccc2)cc1;6.7792;1.669;true;yes;
64;197;O=C(NO)c1ccc(NC(=O)c2c(F)cc(Cl)cc2Br)cc1;O=C(NO)c1ccc(NC(=O)c2c(F)cc(Cl)cc2Br)cc1;6.7781;2.148;true;yes;
65;199;O=C(NO)c1ccc(NC(=O)c2cccc(Br)c2Br)cc1;O=C(NO)c1ccc(NC(=O)c2cccc(Br)c2Br)cc1;6.7781;2.015;true;yes;
66;202;O=C(NO)c1ccc(NC(=O)c2c(F)cc(Cl)cc2Cl)cc1;O=C(NO)c1ccc(NC(=O)c2c(F)cc(Cl)cc2Cl)cc1;6.7767;1.998;true;yes;
67;200;O=C(NO)c1ccc(NC(=O)c2c(Br)cccc2Br)cc1;O=C(NO)c1ccc(NC(=O)c2c(Br)cccc2Br)cc1;6.7757;2.066;true;yes;
68;195;O=C(NO)c1ccc(Cl)c(NC(=O)c2cc(Br)cc(Br)c2F)c1;O=C(NO)c1ccc(Cl)c(NC(=O)c2cc(Br)cc(Br)c2F)c1;6.7745;2.259;true;yes;
69;54;O=C(NO)c1ccc(NC(=O)c2ccc(Cl)cc2)cc1;O=C(NO)c1ccc(NC(=O)c2ccc(Cl)cc2)cc1;6.7732;1.552;true;yes;
70;195;O=C(NO)c1ccc(Br)c(NC(=O)c2c(F)cc(Br)cc2Br)c1;O=C(NO)c1ccc(Br)c(NC(=O)c2c(F)cc(Br)cc2Br)c1;6.771;2.411;true;yes;
71;193;O=C(NO)c1ccc(F)c(NC(=O)c2c(F)cc(Br)cc2Br)c1;O=C(NO)c1ccc(F)c(NC(=O)c2c(F)cc(Br)cc2Br)c1;6.771;2.321;true;yes;
72;136;O=C(NO)c1ccc(F)c(NC(=O)c2cc(Br)cc(Br)c2F)c1;O=C(NO)c1ccc(F)c(NC(=O)c2cc(Br)cc(Br)c2F)c1;6.7664;2.278;true;yes;
73;168;O=C(NO)c1cc(F)c(C(F)(F)F)c(NC(=O)c2ccc(Br)cc2Br)c1;O=C(NO)c1cc(F)c(C(F)(F)F)c(NC(=O)c2ccc(Br)cc2Br)c1;6.7621;2.506;true;yes;
74;193;O=C(NO)c1cccc(NCc2cc(Br)cc(Br)c2Br)c1;O=C(NO)c1cccc(NCc2cc(Br)cc(Br)c2Br)c1;6.7603;2.364;true;yes;
75;174;Cc1ccc(C(=O)NO)cc1NC(=O)c1ccccc1F;Cc1ccc(C(=O)NO)cc1NC(=O)c1ccccc1F;6.7593;1.74;true;yes;
76;201;O=C(NO)c1ccc(NC(=O)c2c(Cl)cc(F)cc2Cl)cc1;O=C(NO)c1ccc(NC(=O)c2c(Cl)cc(F)cc2Cl)cc1;6.7559;2.003;true;yes;
77;241;O=C(NO)c1cccc(NS(=O)(=O)c2cc(Br)ccc2Cl)c1;O=C(NO)c1cccc(NS(=O)(=O)c2cc(Br)ccc2Cl)c1;6.7534;2.024;true;yes;
78;76;Cc1cccc(S(=O)(=O)Nc2cccc(C(=O)NO)c2)c1;Cc1cccc(S(=O)(=O)Nc2cccc(C(=O)NO)c2)c1;6.7534;1.857;true;yes;
79;200;O=C(NO)c1ccc(NC(=O)c2cc(Br)c(Cl)cc2Cl)cc1;O=C(NO)c1ccc(NC(=O)c2cc(Br)c(Cl)cc2Cl)cc1;6.7493;2.006;true;yes;
80;194;O=C(NO)c1ccc(Cl)c(NC(=O)c2c(Br)cc(Br)cc2Br)c1;O=C(NO)c1ccc(Cl)c(NC(=O)c2c(Br)cc(Br)cc2Br)c1;6.7483;2.353;true;yes;
81;79;N#Cc1cccc(S(=O)(=O)NCc2cccc(C(=O)NO)c2)c1;N#Cc1cccc(S(=O)(=O)NCc2cccc(C(=O)NO)c2)c1;6.7477;2.087;true;yes;
82;202;O=C(NO)c1ccc(NC(=O)c2c(F)cccc2Cl)cc1;O=C(NO)c1ccc(NC(=O)c2c(F)cccc2Cl)cc1;6.7454;1.82;true;yes;
83;197;O=C(NO)c1ccc(Br)c(NC(=O)c2c(Cl)cc(Br)cc2Br)c1;O=C(NO)c1ccc(Br)c(NC(=O)c2c(Cl)cc(Br)cc2Br)c1;6.7454;2.414;true;yes;
84;201;O=C(NO)c1ccc(NC(=O)c2c(Cl)ccc(Br)c2Cl)cc1;O=C(NO)c1ccc(NC(=O)c2c(Cl)ccc(Br)c2Cl)cc1;6.7442;2.103;true;yes;
85;199;O=C(NO)c1ccc(NC(=O)c2c(Cl)c(Br)cc(Br)c2Br)cc1;O=C(NO)c1ccc(NC(=O)c2c(Cl)c(Br)cc(Br)c2Br)cc1;6.7417;2.48;true;yes;
86;192;O=C(NO)c1cccc(NCc2cc(Br)cc(Br)c2Cl)c1;O=C(NO)c1cccc(NCc2cc(Br)cc(Br)c2Cl)c1;6.7381;2.358;true;yes;
87;201;O=C(NO)c1ccc(NC(=O)c2c(Cl)cc(Cl)cc2Cl)cc1;O=C(NO)c1ccc(NC(=O)c2c(Cl)cc(Cl)cc2Cl)cc1;6.7378;1.962;true;yes;
88;169;Cc1c(Br)cc(Br)cc1CNc1cc(C(=O)NO)ccc1F;Cc1c(Br)cc(Br)cc1CNc1cc(C(=O)NO)ccc1F;6.737;2.382;true;yes;
89;196;O=C(NO)c1ccc(Cl)c(NC(=O)c2cc(Br)cc(Br)c2Br)c1;O=C(NO)c1ccc(Cl)c(NC(=O)c2cc(Br)cc(Br)c2Br)c1;6.7353;2.3;true;yes;
90;195;O=C(NO)c1ccc(Cl)c(NC(=O)c2ccc(Br)cc2Br)c1;O=C(NO)c1ccc(Cl)c(NC(=O)c2ccc(Br)cc2Br)c1;6.7353;2.012;true;yes;
91;48;O=C(NO)c1ccc(NC(=O)c2ccccc2)cc1;O=C(NO)c1ccc(NC(=O)c2ccccc2)cc1;6.735;1.472;true;yes;
92;201;O=C(NO)c1ccc(NC(=O)c2ccccc2Br)cc1;O=C(NO)c1ccc(NC(=O)c2ccccc2Br)cc1;6.7325;1.692;true;yes;
93;197;O=C(NO)c1ccc(Br)c(NC(=O)c2cc(Br)cc(Br)c2Cl)c1;O=C(NO)c1ccc(Br)c(NC(=O)c2cc(Br)cc(Br)c2Cl)c1;6.7324;2.401;true;yes;
94;202;O=C(NO)c1ccc(NC(=O)c2ccc(Br)c(Cl)c2)cc1;O=C(NO)c1ccc(NC(=O)c2ccc(Br)c(Cl)c2)cc1;6.7291;1.833;true;yes;
95;200;O=C(NO)c1ccc(NC(=O)c2ccc(Br)cc2Cl)cc1;O=C(NO)c1ccc(NC(=O)c2ccc(Br)cc2Cl)cc1;6.7282;1.797;true;yes;
96;200;O=C(NO)c1ccc(NC(=O)c2c(Cl)cc(Br)cc2Cl)cc1;O=C(NO)c1ccc(NC(=O)c2c(Cl)cc(Br)cc2Cl)cc1;6.7273;2.054;true;yes;
97;202;O=C(NO)c1ccc(NC(=O)c2c(Cl)cc(Cl)cc2Br)cc1;O=C(NO)c1ccc(NC(=O)c2c(Cl)cc(Cl)cc2Br)cc1;6.7273;2.122;true;yes;
98;201;O=C(NO)c1ccc(NC(=O)c2c(Cl)cccc2Br)cc1;O=C(NO)c1ccc(NC(=O)c2c(Cl)cccc2Br)cc1;6.7258;1.974;true;yes;
99;101;O=C(Nc1cc(Br)c(Cl)c(C(=O)NO)c1)c1ccc(Br)cc1Br;O=C(Nc1cc(Br)c(Cl)c(C(=O)NO)c1)c1ccc(Br)cc1Br;6.7255;2.445;true;yes;
100;197;O=C(NO)c1ccc(NC(=O)c2c(F)c(F)cc(Cl)c2Br)cc1;O=C(NO)c1ccc(NC(=O)c2c(F)c(F)cc(Cl)c2Br)cc1;6.7246;2.34;true;yes;
101;194;O=C(NO)c1ccc(Cl)c(NC(=O)c2c(F)cc(Br)cc2Br)c1;O=C(NO)c1ccc(Cl)c(NC(=O)c2c(F)cc(Br)cc2Br)c1;6.7228;2.301;true;yes;
102;248;O=C(NO)c1cccc(NS(=O)(=O)c2cc(Cl)c(Cl)cc2Cl)c1;O=C(NO)c1cccc(NS(=O)(=O)c2cc(Cl)c(Cl)cc2Cl)c1;6.7222;2.107;true;yes;
103;200;O=C(NO)c1ccc(NC(=O)c2ccc(Cl)c(Cl)c2)cc1;O=C(NO)c1ccc(NC(=O)c2ccc(Cl)c(Cl)c2)cc1;6.722;1.693;true;yes;
104;202;O=C(NO)c1ccc(NC(=O)c2c(Cl)cccc2Cl)cc1;O=C(NO)c1ccc(NC(=O)c2c(Cl)cccc2Cl)cc1;6.7219;1.804;true;yes;
105;194;O=C(NO)c1ccc(Cl)c(NC(=O)c2c(Cl)cc(Br)cc2Br)c1;O=C(NO)c1ccc(Cl)c(NC(=O)c2c(Cl)cc(Br)cc2Br)c1;6.7211;2.304;true;yes;
106;201;O=C(NO)c1cccc(NC(=O)c2c(Br)cc(Br)cc2Br)c1;O=C(NO)c1cccc(NC(=O)c2c(Br)cc(Br)cc2Br)c1;6.7205;2.277;true;yes;
107;205;O=C(NO)c1ccc(NC(=O)c2c(F)c(F)cc(Cl)c2Cl)cc1;O=C(NO)c1ccc(NC(=O)c2c(F)c(F)cc(Cl)c2Cl)cc1;6.7201;2.206;true;yes;
108;185;Cc1ccc(C(=O)NO)cc1NC(=O)c1c(F)c(F)c(Br)c(F)c1F;Cc1ccc(C(=O)NO)cc1NC(=O)c1c(F)c(F)c(Br)c(F)c1F;6.7121;2.463;true;yes;
109;186;Cc1ccc(C(=O)NO)cc1NC(=O)c1c(F)c(F)c(F)c(F)c1Br;Cc1ccc(C(=O)NO)cc1NC(=O)c1c(F)c(F)c(F)c(F)c1Br;6.7121;2.506;true;yes;
110;185;Cc1ccc(C(=O)NO)cc1NC(=O)c1c(F)c(F)c(F)c(Br)c1F;Cc1ccc(C(=O)NO)cc1NC(=O)c1c(F)c(F)c(F)c(Br)c1F;6.7121;2.467;true;yes;
111;163;CCc1ccc(C(=O)NO)cc1NCCc1ccc(Br)cc1Br;CCc1ccc(C(=O)NO)cc1NCCc1ccc(Br)cc1Br;6.7097;2.271;true;yes;
112;169;O=C(NO)c1ccc(C(F)F)c(NC(=O)c2ccccc2F)c1;O=C(NO)c1ccc(C(F)F)c(NC(=O)c2ccccc2F)c1;6.7094;2.168;true;yes;
113;186;Cc1ccc(C(=O)NO)cc1NC(=O)c1c(F)c(F)c(F)c(F)c1F;Cc1ccc(C(=O)NO)cc1NC(=O)c1c(F)c(F)c(F)c(F)c1F;6.7088;2.316;true;yes;
114;198;O=C(NO)c1ccc(Cl)c(NC(=O)c2cc(Br)cc(Br)c2Cl)c1;O=C(NO)c1ccc(Cl)c(NC(=O)c2cc(Br)cc(Br)c2Cl)c1;6.7082;2.292;true;yes;
115;203;O=C(NO)c1ccc(NC(=O)c2cc(F)cc(Cl)c2Cl)cc1;O=C(NO)c1ccc(NC(=O)c2cc(F)cc(Cl)c2Cl)cc1;6.7015;1.99;true;yes;
116;173;Cc1ccc(C(=O)NO)cc1NC(=O)c1ccc(Br)cc1C;Cc1ccc(C(=O)NO)cc1NC(=O)c1ccc(Br)cc1C;6.7009;1.899;true;yes;
117;158;Cc1ccc(C(=O)NO)cc1NCc1cccc(Br)c1;Cc1ccc(C(=O)NO)cc1NCc1cccc(Br)c1;6.7007;1.909;true;yes;
118;202;O=C(NO)c1ccc(NC(=O)c2c(Br)ccc(Cl)c2F)cc1;O=C(NO)c1ccc(NC(=O)c2c(Br)ccc(Cl)c2F)cc1;6.6965;2.157;true;yes;
119;202;O=C(NO)c1cccc(NC(=O)c2c(Cl)cc(Br)cc2Br)c1;O=C(NO)c1cccc(NC(=O)c2c(Cl)cc(Br)cc2Br)c1;6.696;2.226;true;yes;
120;198;O=C(NO)c1cccc(NC(=O)c2c(F)cc(Br)cc2Br)c1;O=C(NO)c1cccc(NC(=O)c2c(F)cc(Br)cc2Br)c1;6.6957;2.224;true;yes;
121;182;Cc1ccc(C(=O)NO)cc1NC(=O)c1cc(Br)c(Br)cc1Br;Cc1ccc(C(=O)NO)cc1NC(=O)c1cc(Br)c(Br)cc1Br;6.6952;2.253;true;yes;
122;71;CC(=O)Nc1ccc(C(=O)Nc2cccc(C(=O)NO)c2)cc1;CC(=O)Nc1ccc(C(=O)Nc2cccc(C(=O)NO)c2)cc1;6.692;1.706;true;yes;
123;70;CC(=O)Nc1cccc(C(=O)Nc2ccc(C(=O)NO)cc2)c1;CC(=O)Nc1cccc(C(=O)Nc2ccc(C(=O)NO)cc2)c1;6.692;1.706;true;yes;
124;204;O=C(NO)c1ccc(NC(=O)c2c(F)c(Cl)c(Cl)c(Cl)c2Cl)cc1;O=C(NO)c1ccc(NC(=O)c2c(F)c(Cl)c(Cl)c(Cl)c2Cl)cc1;6.6919;2.383;true;yes;
125;62;O=C(NO)c1ccc(NC(=O)c2ccccc2Cl)cc1;O=C(NO)c1ccc(NC(=O)c2ccccc2Cl)cc1;6.6898;1.599;true;yes;
126;160;CC(=O)c1ccc(C(=O)NO)cc1NCc1ccccc1;CC(=O)c1ccc(C(=O)NO)cc1NCc1ccccc1;6.6874;1.852;true;yes;
127;184;Cc1ccc(C(=O)NO)cc1NC(=O)c1cc(Br)c(Br)c(F)c1F;Cc1ccc(C(=O)NO)cc1NC(=O)c1cc(Br)c(Br)c(F)c1F;6.6871;2.416;true;yes;
128;186;Cc1ccc(C(=O)NO)cc1NC(=O)c1cc(Br)c(F)c(F)c1F;Cc1ccc(C(=O)NO)cc1NC(=O)c1cc(Br)c(F)c(F)c1F;6.6871;2.328;true;yes;
129;203;O=C(NO)c1ccc(NC(=O)c2c(F)cc(Cl)c(Cl)c2Cl)cc1;O=C(NO)c1ccc(NC(=O)c2c(F)cc(Cl)c(Cl)c2Cl)cc1;6.6853;2.204;true;yes;
130;185;Cc1ccc(C(=O)NO)cc1NC(=O)c1c(F)c(Br)c(F)c(F)c1Br;Cc1ccc(C(=O)NO)cc1NC(=O)c1c(F)c(Br)c(F)c(F)c1Br;6.6841;2.657;true;yes;
131;185;Cc1ccc(C(=O)NO)cc1NC(=O)c1c(Br)cc(Br)c(F)c1F;Cc1ccc(C(=O)NO)cc1NC(=O)c1c(Br)cc(Br)c(F)c1F;6.6841;2.459;true;yes;
132;187;Cc1ccc(C(=O)NO)cc1NC(=O)c1c(F)c(F)c(Br)c(F)c1Br;Cc1ccc(C(=O)NO)cc1NC(=O)c1c(F)c(F)c(Br)c(F)c1Br;6.6841;2.63;true;yes;
133;186;Cc1ccc(C(=O)NO)cc1NC(=O)c1c(F)c(F)c(F)c(Br)c1Br;Cc1ccc(C(=O)NO)cc1NC(=O)c1c(F)c(F)c(F)c(Br)c1Br;6.6841;2.552;true;yes;
134;186;Cc1ccc(C(=O)NO)cc1NC(=O)c1c(Br)c(F)c(F)c(F)c1Br;Cc1ccc(C(=O)NO)cc1NC(=O)c1c(Br)c(F)c(F)c(F)c1Br;6.6841;2.617;true;yes;
135;183;Cc1ccc(C(=O)NO)cc1NC(=O)c1c(F)c(F)c(Br)c(Br)c1F;Cc1ccc(C(=O)NO)cc1NC(=O)c1c(F)c(F)c(Br)c(Br)c1F;6.6841;2.574;true;yes;
136;185;Cc1ccc(C(=O)NO)cc1NC(=O)c1c(F)c(F)c(Br)c(Br)c1Br;Cc1ccc(C(=O)NO)cc1NC(=O)c1c(F)c(F)c(Br)c(Br)c1Br;6.6841;2.6;true;yes;
137;186;Cc1ccc(C(=O)NO)cc1NC(=O)c1c(Br)c(F)c(F)c(Br)c1Br;Cc1ccc(C(=O)NO)cc1NC(=O)c1c(Br)c(F)c(F)c(Br)c1Br;6.6841;2.663;true;yes;
138;185;Cc1ccc(C(=O)NO)cc1NC(=O)c1c(Br)c(F)c(Br)c(Br)c1Br;Cc1ccc(C(=O)NO)cc1NC(=O)c1c(Br)c(F)c(Br)c(Br)c1Br;6.6841;2.69;true;no; 2 violations
139;184;Cc1ccc(C(=O)NO)cc1NC(=O)c1c(F)c(Br)c(Br)c(F)c1Br;Cc1ccc(C(=O)NO)cc1NC(=O)c1c(F)c(Br)c(Br)c(F)c1Br;6.6841;2.741;true;yes;
140;174;Cc1ccc(C(=O)NO)cc1NC(=O)c1ccccc1Br;Cc1ccc(C(=O)NO)cc1NC(=O)c1ccccc1Br;6.6839;1.807;true;yes;
141;165;Cc1ccc(C(=O)NO)cc1NC(=O)c1ccc(Br)cc1;Cc1ccc(C(=O)NO)cc1NC(=O)c1ccc(Br)cc1;6.6832;1.736;true;yes;
142;178;Cc1cccc(CNc2cc(C(=O)NO)ccc2C)c1;Cc1cccc(CNc2cc(C(=O)NO)ccc2C)c1;6.6826;1.825;true;yes;
143;178;Cc1ccc(C(=O)NO)cc1NCc1cc(C)c(C)c(Br)c1;Cc1ccc(C(=O)NO)cc1NCc1cc(C)c(C)c(Br)c1;6.6797;2.204;true;yes;
144;183;Cc1ccc(C(=O)NO)cc1NC(=O)c1cc(Br)c(Br)c(Br)c1F;Cc1ccc(C(=O)NO)cc1NC(=O)c1cc(Br)c(Br)c(Br)c1F;6.6796;2.475;true;yes;
145;177;Cc1ccc(CNc2cc(C(=O)NO)ccc2C)cc1C;Cc1ccc(CNc2cc(C(=O)NO)ccc2C)cc1C;6.6794;1.89;true;yes;
146;202;O=C(NO)c1cccc(NC(=O)c2cc(Br)cc(Br)c2Cl)c1;O=C(NO)c1cccc(NC(=O)c2cc(Br)cc(Br)c2Cl)c1;6.6793;2.214;true;yes;
147;167;CC(C)c1ccc(C(=O)NO)cc1NC(=O)c1ccccc1;CC(C)c1ccc(C(=O)NO)cc1NC(=O)c1ccccc1;6.6791;1.823;true;yes;
148;162;CC(C)c1ccc(C(=O)NO)cc1NCc1ccccc1;CC(C)c1ccc(C(=O)NO)cc1NCc1ccccc1;6.6788;1.909;true;yes;
149;160;O=C(NO)c1ccc(C(F)(F)F)c(NCc2ccccc2)c1;O=C(NO)c1ccc(C(F)(F)F)c(NCc2ccccc2)c1;6.6783;1.992;true;yes;
150;188;Cc1ccc(C(=O)NO)cc1NC(=O)c1cc(F)c(F)c(F)c1F;Cc1ccc(C(=O)NO)cc1NC(=O)c1cc(F)c(F)c(F)c1F;6.6776;2.205;true;yes;
151;158;Cc1ccc(C(=O)NO)cc1NCc1ccccc1F;Cc1ccc(C(=O)NO)cc1NCc1ccccc1F;6.6765;1.861;true;yes;
152;186;Cc1ccc(C(=O)NO)cc1NC(=O)c1c(Br)cc(Br)c(F)c1Br;Cc1ccc(C(=O)NO)cc1NC(=O)c1c(Br)cc(Br)c(F)c1Br;6.6763;2.569;true;yes;
153;178;Cc1ccc(C(=O)NO)cc1NCc1ccc(Br)c(Br)c1;Cc1ccc(C(=O)NO)cc1NCc1ccc(Br)c(Br)c1;6.6761;2.125;true;yes;
154;183;Cc1ccc(C(=O)NO)cc1NC(=O)c1ccc(Br)c(Br)c1Br;Cc1ccc(C(=O)NO)cc1NC(=O)c1ccc(Br)c(Br)c1Br;6.6757;2.3;true;yes;
155;183;Cc1ccc(C(=O)NO)cc1NC(=O)c1cc(Br)c(Br)c(Br)c1Br;Cc1ccc(C(=O)NO)cc1NC(=O)c1cc(Br)c(Br)c(Br)c1Br;6.6757;2.466;true;no; 1 violations
156;176;Cc1ccc(C(=O)NO)cc1NC(=O)c1cc(Br)cc(Br)c1;Cc1ccc(C(=O)NO)cc1NC(=O)c1cc(Br)cc(Br)c1;6.6754;2.042;true;yes;
157;180;Cc1ccc(C(=O)Nc2cc(C(=O)NO)ccc2C)cc1Br;Cc1ccc(C(=O)Nc2cc(C(=O)NO)ccc2C)cc1Br;6.6737;1.895;true;yes;
158;180;Cc1ccc(C(=O)NO)cc1NC(=O)c1c(Br)ccc(Br)c1F;Cc1ccc(C(=O)NO)cc1NC(=O)c1c(Br)ccc(Br)c1F;6.6728;2.368;true;yes;
159;185;Cc1ccc(C(=O)NO)cc1NC(=O)c1c(F)c(Br)c(F)c(Br)c1F;Cc1ccc(C(=O)NO)cc1NC(=O)c1c(F)c(Br)c(F)c(Br)c1F;6.6728;2.596;true;yes;
160;182;Cc1ccc(C(=O)NO)cc1NC(=O)c1c(F)c(Br)c(Br)c(Br)c1F;Cc1ccc(C(=O)NO)cc1NC(=O)c1c(F)c(Br)c(Br)c(Br)c1F;6.6728;2.626;true;yes;
161;185;Cc1ccc(C(=O)NO)cc1NC(=O)c1c(F)c(Br)cc(Br)c1F;Cc1ccc(C(=O)NO)cc1NC(=O)c1c(F)c(Br)cc(Br)c1F;6.6728;2.492;true;yes;
162;181;Cc1ccc(C(=O)NO)cc1NC(=O)c1c(F)c(Br)cc(Br)c1Br;Cc1ccc(C(=O)NO)cc1NC(=O)c1c(F)c(Br)cc(Br)c1Br;6.6728;2.581;true;yes;
163;185;Cc1ccc(C(=O)NO)cc1NC(=O)c1c(Br)c(Br)c(F)c(Br)c1Br;Cc1ccc(C(=O)NO)cc1NC(=O)c1c(Br)c(Br)c(F)c(Br)c1Br;6.6728;2.687;true;no; 2 violations
164;183;Cc1ccc(C(=O)NO)cc1NC(=O)c1c(F)c(Br)c(Br)c(Br)c1Br;Cc1ccc(C(=O)NO)cc1NC(=O)c1c(F)c(Br)c(Br)c(Br)c1Br;6.6728;2.653;true;no; 2 violations
165;184;Cc1ccc(C(=O)NO)cc1NC(=O)c1c(F)c(Br)c(F)c(Br)c1Br;Cc1ccc(C(=O)NO)cc1NC(=O)c1c(F)c(Br)c(F)c(Br)c1Br;6.6728;2.68;true;yes;
166;179;Cc1ccc(C(=O)NO)cc1NC(=O)c1c(Br)cc(Br)c(Br)c1F;Cc1ccc(C(=O)NO)cc1NC(=O)c1c(Br)cc(Br)c(Br)c1F;6.6728;2.551;true;yes;
167;249;O=C(NO)c1cccc(NS(=O)(=O)c2cccc(Cl)c2Cl)c1;O=C(NO)c1cccc(NS(=O)(=O)c2cccc(Cl)c2Cl)c1;6.6722;2.035;true;yes;
168;174;Cc1ccc(C(=O)NO)cc1NC(=O)c1cc(Br)ccc1Br;Cc1ccc(C(=O)NO)cc1NC(=O)c1cc(Br)ccc1Br;6.672;1.98;true;yes;
169;188;Cc1ccc(C(=O)NO)cc1NC(=O)c1c(F)cc(F)c(F)c1F;Cc1ccc(C(=O)NO)cc1NC(=O)c1c(F)cc(F)c(F)c1F;6.6711;2.241;true;yes;
170;100;Cc1ccc(C(=O)Nc2cc(C(=O)NO)cc(C)c2C)cc1Br;Cc1ccc(C(=O)Nc2cc(C(=O)NO)cc(C)c2C)cc1Br;6.671;2.075;true;yes;
171;204;O=C(NO)c1ccc(NC(=O)c2cc(Cl)c(F)c(Cl)c2Cl)cc1;O=C(NO)c1ccc(NC(=O)c2cc(Cl)c(F)c(Cl)c2Cl)cc1;6.6705;2.242;true;yes;
172;174;Cc1ccc(C(=O)NO)cc1NC(=O)c1ccc(Br)c(Br)c1;Cc1ccc(C(=O)NO)cc1NC(=O)c1ccc(Br)c(Br)c1;6.6705;2.005;true;yes;
173;182;Cc1ccc(C(=O)NO)cc1NC(=O)c1cc(Br)c(Br)c(Br)c1;Cc1ccc(C(=O)NO)cc1NC(=O)c1cc(Br)c(Br)c(Br)c1;6.6705;2.25;true;yes;
174;183;Cc1ccc(C(=O)NO)cc1NC(=O)c1c(Br)c(Br)c(Br)c(Br)c1Br;Cc1ccc(C(=O)NO)cc1NC(=O)c1c(Br)c(Br)c(Br)c(Br)c1Br;6.6705;2.602;true;no; 2 violations
175;245;O=C(NO)c1cccc(NS(=O)(=O)c2c(Cl)ccc(Cl)c2Cl)c1;O=C(NO)c1cccc(NS(=O)(=O)c2c(Cl)ccc(Cl)c2Cl)c1;6.6704;2.235;true;yes;
176;203;O=C(NO)c1ccc(NC(=O)c2c(F)c(Cl)cc(Cl)c2Cl)cc1;O=C(NO)c1ccc(NC(=O)c2c(F)c(Cl)cc(Cl)c2Cl)cc1;6.6684;2.236;true;yes;
177;176;Cc1ccc(C(=O)NO)cc1NCc1cc(Br)cc(Br)c1;Cc1ccc(C(=O)NO)cc1NCc1cc(Br)cc(Br)c1;6.668;2.169;true;yes;
178;133;COc1ccc(C(=O)Nc2cc(C(=O)NO)ccc2F)cc1F;COc1ccc(C(=O)Nc2cc(C(=O)NO)ccc2F)cc1F;6.6676;1.877;true;yes;
179;101;Cc1ccc(C(=O)Nc2cc(Br)c(Br)c(C(=O)NO)c2)cc1Br;Cc1ccc(C(=O)Nc2cc(Br)c(Br)c(C(=O)NO)c2)cc1Br;6.6668;2.37;true;yes;
180;180;Cc1ccc(C(=O)NO)cc1NC(=O)c1c(Br)cc(Br)c(Br)c1Br;Cc1ccc(C(=O)NO)cc1NC(=O)c1c(Br)cc(Br)c(Br)c1Br;6.6665;2.527;true;no; 1 violations
181;179;Cc1cc(Br)cc(CNc2cc(C(=O)NO)ccc2C)c1;Cc1cc(Br)cc(CNc2cc(C(=O)NO)ccc2C)c1;6.6664;2.108;true;yes;
182;71;COc1ccc(C(=O)Nc2cccc(C(=O)NO)c2)cc1;COc1ccc(C(=O)Nc2cccc(C(=O)NO)c2)cc1;6.6653;1.598;true;yes;
183;76;COc1ccc(C)cc1C(=O)Nc1cccc(C(=O)NO)c1;COc1ccc(C)cc1C(=O)Nc1cccc(C(=O)NO)c1;6.6642;1.764;true;yes;
184;202;O=C(NO)c1ccc(NC(=O)c2c(F)ccc(Cl)c2Cl)cc1;O=C(NO)c1ccc(NC(=O)c2c(F)ccc(Cl)c2Cl)cc1;6.6626;2.006;true;yes;
185;200;Cc1cc(Br)cc(C(=O)Nc2cc(C(=O)NO)ccc2Br)c1Br;Cc1cc(Br)cc(C(=O)Nc2cc(C(=O)NO)ccc2Br)c1Br;6.662;2.355;true;yes;
186;199;O=C(NO)c1ccc(NC(=O)c2cc(Br)cc(Br)c2Cl)c(Br)c1;O=C(NO)c1ccc(NC(=O)c2cc(Br)cc(Br)c2Cl)c(Br)c1;6.6613;2.385;true;yes;
187;181;Cc1ccc(C(=O)NO)cc1NC(=O)c1cc(F)c(Br)cc1F;Cc1ccc(C(=O)NO)cc1NC(=O)c1cc(F)c(Br)cc1F;6.6612;2.113;true;yes;
188;203;O=C(NO)c1ccc(NC(=O)c2c(Cl)c(Cl)c(Cl)c(Cl)c2Br)cc1;O=C(NO)c1ccc(NC(=O)c2c(Cl)c(Cl)c(Cl)c(Cl)c2Br)cc1;6.6606;2.447;true;no; 1 violations
189;205;O=C(NO)c1ccc(NC(=O)c2c(Cl)cc(Cl)c(Cl)c2F)cc1;O=C(NO)c1ccc(NC(=O)c2c(Cl)cc(Cl)c(Cl)c2F)cc1;6.6603;2.253;true;yes;
190;179;Cc1ccc(CNc2cc(C(=O)NO)ccc2C)cc1Br;Cc1ccc(CNc2cc(C(=O)NO)ccc2C)cc1Br;6.66;2.012;true;yes;
191;203;O=C(NO)c1ccc(NC(=O)c2c(F)c(Br)cc(Cl)c2Cl)cc1;O=C(NO)c1ccc(NC(=O)c2c(F)c(Br)cc(Cl)c2Cl)cc1;6.6592;2.34;true;yes;
192;160;Cc1ccc(C(=O)NO)cc1NCc1ccccc1-c1ccccc1;Cc1ccc(C(=O)NO)cc1NCc1ccccc1-c1ccccc1;6.6587;1.86;true;yes;
193;188;Cc1ccc(C(=O)NO)cc1NC(=O)c1cc(F)c(F)cc1F;Cc1ccc(C(=O)NO)cc1NC(=O)c1cc(F)c(F)cc1F;6.6578;2.022;true;yes;
194;134;Cc1cc(F)c(C(=O)Nc2cc(C(=O)NO)ccc2F)c(F)c1F;Cc1cc(F)c(C(=O)Nc2cc(C(=O)NO)ccc2F)c(F)c1F;6.6566;2.335;true;yes;
195;202;O=C(NO)c1ccc(NC(=O)c2ccc(Cl)c(Cl)c2Cl)cc1;O=C(NO)c1ccc(NC(=O)c2ccc(Cl)c(Cl)c2Cl)cc1;6.656;1.959;true;yes;
196;186;Cc1ccc(C(=O)NO)cc1NC(=O)c1cc(Br)c(F)c(F)c1Br;Cc1ccc(C(=O)NO)cc1NC(=O)c1cc(Br)c(F)c(F)c1Br;6.6542;2.47;true;yes;
197;186;Cc1ccc(C(=O)NO)cc1NC(=O)c1cc(Br)c(Br)c(F)c1Br;Cc1ccc(C(=O)NO)cc1NC(=O)c1cc(Br)c(Br)c(F)c1Br;6.6542;2.535;true;yes;
198;200;O=C(NO)c1ccc(NC(=O)c2c(Cl)cc(Cl)c(Cl)c2Cl)cc1;O=C(NO)c1ccc(NC(=O)c2c(Cl)cc(Cl)c(Cl)c2Cl)cc1;6.654;2.162;true;yes;
199;102;Cc1ccc(C(=O)Nc2cc(C(=O)NO)c(Br)cc2C)cc1Br;Cc1ccc(C(=O)Nc2cc(C(=O)NO)c(Br)cc2C)cc1Br;6.654;2.192;true;yes;
200;199;O=C(NO)c1ccc(Br)c(NC(=O)c2ccccc2F)c1;O=C(NO)c1ccc(Br)c(NC(=O)c2ccccc2F)c1;6.6534;1.889;true;yes;
201;112;O=C(NO)c1ccc(F)c(NC(=O)c2ccccc2F)c1;O=C(NO)c1ccc(F)c(NC(=O)c2ccccc2F)c1;6.6531;1.792;true;yes;
202;178;Cc1ccc(C(=O)NO)cc1NC(=O)c1cc(Br)cc(F)c1F;Cc1ccc(C(=O)NO)cc1NC(=O)c1cc(Br)cc(F)c1F;6.6529;2.128;true;yes;
203;187;Cc1ccc(C(=O)NO)cc1NC(=O)c1c(F)c(F)c(Cl)c(F)c1F;Cc1ccc(C(=O)NO)cc1NC(=O)c1c(F)c(F)c(Cl)c(F)c1F;6.6509;2.43;true;yes;
204;96;O=C(Nc1ccccc1)c1ccc(Br)c(C(=O)NO)c1;O=C(Nc1ccccc1)c1ccc(Br)c(C(=O)NO)c1;6.6504;1.788;true;yes;
205;182;Cc1ccc(C(=O)NO)cc1NC(=O)c1cc(Br)c(Br)cc1F;Cc1ccc(C(=O)NO)cc1NC(=O)c1cc(Br)c(Br)cc1F;6.65;2.196;true;yes;
206;202;O=C(NO)c1ccc(NC(=O)c2cc(Cl)c(Cl)c(Cl)c2Cl)cc1;O=C(NO)c1ccc(NC(=O)c2cc(Cl)c(Cl)c(Cl)c2Cl)cc1;6.6495;2.144;true;yes;
207;188;Cc1ccc(C(=O)NO)cc1NC(=O)c1ccc(F)c(F)c1F;Cc1ccc(C(=O)NO)cc1NC(=O)c1ccc(F)c(F)c1F;6.6494;2.064;true;yes;
208;182;Cc1ccc(C(=O)NO)cc1NC(=O)c1c(F)c(F)cc(Br)c1F;Cc1ccc(C(=O)NO)cc1NC(=O)c1c(F)c(F)cc(Br)c1F;6.6464;2.377;true;yes;
209;188;Cc1ccc(C(=O)NO)cc1NC(=O)c1c(F)c(F)cc(Br)c1Br;Cc1ccc(C(=O)NO)cc1NC(=O)c1c(F)c(F)cc(Br)c1Br;6.6464;2.466;true;yes;
210;186;Cc1ccc(C(=O)NO)cc1NC(=O)c1c(F)cc(Br)c(F)c1F;Cc1ccc(C(=O)NO)cc1NC(=O)c1c(F)cc(Br)c(F)c1F;6.6464;2.362;true;yes;
211;99;Cc1ccc(C(=O)Nc2cc(C(=O)NO)cc(Br)c2Br)cc1Br;Cc1ccc(C(=O)Nc2cc(C(=O)NO)cc(Br)c2Br)cc1Br;6.6454;2.401;true;yes;
212;106;Cc1ccc(C(=O)Nc2cc(C(=O)NO)ccc2Br)cc1Br;Cc1ccc(C(=O)Nc2cc(C(=O)NO)ccc2Br)cc1Br;6.6454;2.039;true;yes;
213;174;Cc1ccc(C(=O)NO)cc1NC(=O)c1ccccc1Cl;Cc1ccc(C(=O)NO)cc1NC(=O)c1ccccc1Cl;6.6452;1.717;true;yes;
214;164;Cc1ccc(C(=O)NO)cc1NC(=O)c1cccc(Br)c1;Cc1ccc(C(=O)NO)cc1NC(=O)c1cccc(Br)c1;6.6451;1.792;true;yes;
215;156;O=C(NO)c1ccc(F)c(NCc2ccccc2NCc2ccccc2)c1;O=C(NO)c1ccc(F)c(NCc2ccccc2NCc2ccccc2)c1;6.6449;2.003;true;yes;
216;178;Cc1ccc(C(=O)NO)cc1NC(=O)c1cc(Br)cc(C)c1Cl;Cc1ccc(C(=O)NO)cc1NC(=O)c1cc(Br)cc(C)c1Cl;6.6449;2.139;true;yes;
217;105;O=C(NO)c1ccc(NC(=O)c2ccc(Br)cc2)c(F)c1;O=C(NO)c1ccc(NC(=O)c2ccc(Br)cc2)c(F)c1;6.6445;1.797;true;yes;
218;182;Cc1ccc(C(=O)NO)cc1NCc1ccc(F)c(Br)c1Br;Cc1ccc(C(=O)NO)cc1NCc1ccc(F)c(Br)c1Br;6.6443;2.445;true;yes;
219;177;Cc1ccc(C(=O)NO)cc1NC(=O)c1ccc(F)cc1Br;Cc1ccc(C(=O)NO)cc1NC(=O)c1ccc(F)cc1Br;6.6443;1.943;true;yes;
220;76;N#Cc1cccc(CNS(=O)(=O)c2cccc(C(=O)NO)c2)c1;N#Cc1cccc(CNS(=O)(=O)c2cccc(C(=O)NO)c2)c1;6.6432;2.074;true;yes;
221;107;O=C(NO)c1cc(F)cc(NC(=O)c2ccc(Br)c(Br)c2)c1;O=C(NO)c1cc(F)cc(NC(=O)c2ccc(Br)c(Br)c2)c1;6.643;2.146;true;yes;
222;178;Cc1ccc(C(=O)NO)cc1NC(=O)c1c(F)ccc(F)c1F;Cc1ccc(C(=O)NO)cc1NC(=O)c1c(F)ccc(F)c1F;6.6429;2.105;true;yes;
223;180;Cc1ccc(C(=O)NO)cc1NC(=O)c1ccc(F)c(F)c1;Cc1ccc(C(=O)NO)cc1NC(=O)c1ccc(F)c(F)c1;6.6429;1.833;true;yes;
224;158;Cc1ccc(C(=O)NO)cc1NCc1ccc(Br)cc1;Cc1ccc(C(=O)NO)cc1NCc1ccc(Br)cc1;6.6417;1.853;true;yes;
225;161;Cc1ccc(C(=O)NO)cc1NC(=O)c1cc(Br)ccc1F;Cc1ccc(C(=O)NO)cc1NC(=O)c1cc(Br)ccc1F;6.6416;1.922;true;yes;
226;173;Cc1ccc(C(=O)NO)cc1NC(=O)c1ccc(Br)cc1F;Cc1ccc(C(=O)NO)cc1NC(=O)c1ccc(Br)cc1F;6.6416;1.921;true;yes;
227;184;Cc1ccc(C(=O)NO)cc1NC(=O)c1ccc(F)c(Br)c1F;Cc1ccc(C(=O)NO)cc1NC(=O)c1ccc(F)c(Br)c1F;6.6416;2.24;true;yes;
228;77;NC(=O)c1cc(C(=O)Nc2cccc(C(=O)NO)c2)ccc1Cl;NC(=O)c1cc(C(=O)Nc2cccc(C(=O)NO)c2)ccc1Cl;6.6403;1.884;true;yes;
229;172;Cc1ccc(C(=O)NO)cc1NC(=O)c1ccc(F)cc1;Cc1ccc(C(=O)NO)cc1NC(=O)c1ccc(F)cc1;6.64;1.678;true;yes;
230;107;O=C(NO)c1cc(Br)cc(NC(=O)c2ccc(F)c(Br)c2)c1;O=C(NO)c1cc(Br)cc(NC(=O)c2ccc(F)c(Br)c2)c1;6.64;2.109;true;yes;
231;50;COc1ccccc1-c1ccc(C(=O)Nc2cccc(C(=O)NO)c2)cc1;COc1ccccc1-c1ccc(C(=O)Nc2cccc(C(=O)NO)c2)cc1;6.6396;1.772;true;yes;
232;73;Cc1ccc(NC(=O)c2cccc(C(=O)NO)c2)cc1;Cc1ccc(NC(=O)c2cccc(C(=O)NO)c2)cc1;6.639;1.603;true;yes;
233;201;O=C(NO)c1ccc(NC(=O)c2ccc(Cl)cc2Cl)cc1;O=C(NO)c1ccc(NC(=O)c2ccc(Cl)cc2Cl)cc1;6.6388;1.718;true;yes;
234;184;Cc1ccc(C(=O)NO)cc1NC(=O)c1c(F)cc(Br)c(Br)c1Br;Cc1ccc(C(=O)NO)cc1NC(=O)c1c(F)cc(Br)c(Br)c1Br;6.6388;2.472;true;yes;
235;87;COc1ccc(Nc2cc(C(=O)NO)ccc2Cl)cc1;COc1ccc(Nc2cc(C(=O)NO)ccc2Cl)cc1;6.6368;1.776;true;yes;
236;82;O=C(NO)c1cccc(CNc2ccc(Br)cc2Br)c1;O=C(NO)c1cccc(CNc2ccc(Br)cc2Br)c1;6.6364;2.013;true;yes;
237;202;O=C(NO)c1ccc(NC(=O)c2cc(Cl)cc(Cl)c2F)cc1;O=C(NO)c1ccc(NC(=O)c2cc(Cl)cc(Cl)c2F)cc1;6.6361;2.001;true;yes;
238;111;Cc1ccc(C(=O)Nc2cccc(C(=O)NO)c2)cc1Br;Cc1ccc(C(=O)Nc2cccc(C(=O)NO)c2)cc1Br;6.6358;1.834;true;yes;
239;183;Cc1ccc(C(=O)NO)cc1NCc1cc(Br)c(Br)c(Br)c1F;Cc1ccc(C(=O)NO)cc1NCc1cc(Br)c(Br)c(Br)c1F;6.6345;2.636;true;no; 1 violations
240;134;O=C(NO)c1cc(F)c(F)c(NCc2cc(Br)cc(Br)c2F)c1;O=C(NO)c1cc(F)c(F)c(NCc2cc(Br)cc(Br)c2F)c1;6.6337;2.604;true;yes;
241;100;Cc1c(Br)cc(C(=O)NO)cc1NC(=O)c1ccc(Br)c(Br)c1;Cc1c(Br)cc(C(=O)NO)cc1NC(=O)c1ccc(Br)c(Br)c1;6.6334;2.343;true;yes;
242;115;O=C(NO)c1ccc(NC(=O)c2ccccc2)c(F)c1;O=C(NO)c1ccc(NC(=O)c2ccccc2)c(F)c1;6.6332;1.66;true;yes;
243;181;Cc1ccc(C(=O)NO)cc1NCc1c(F)cc(Br)c(Br)c1Br;Cc1ccc(C(=O)NO)cc1NCc1c(F)cc(Br)c(Br)c1Br;6.633;2.592;true;no; 1 violations
244;184;Cc1ccc(C(=O)NO)cc1NCc1c(F)ccc(Br)c1Br;Cc1ccc(C(=O)NO)cc1NCc1c(F)ccc(Br)c1Br;6.6329;2.405;true;yes;
245;102;O=C(Nc1cc(Br)c(F)c(C(=O)NO)c1)c1ccc(Br)c(Br)c1;O=C(Nc1cc(Br)c(F)c(C(=O)NO)c1)c1ccc(Br)c(Br)c1;6.6328;2.434;true;yes;
246;189;Cc1ccc(C(=O)NO)cc1NC(=O)c1c(Br)cc(F)c(Br)c1Br;Cc1ccc(C(=O)NO)cc1NC(=O)c1c(Br)cc(F)c(Br)c1Br;6.6325;2.547;true;yes;
247;103;O=C(Nc1cc(Br)c(F)c(C(=O)NO)c1)c1ccc(F)c(F)c1;O=C(Nc1cc(Br)c(F)c(C(=O)NO)c1)c1ccc(F)c(F)c1;6.6323;2.268;true;yes;
248;102;O=C(Nc1cc(F)c(F)c(C(=O)NO)c1)c1ccc(Br)c(Br)c1;O=C(Nc1cc(F)c(F)c(C(=O)NO)c1)c1ccc(Br)c(Br)c1;6.6323;2.308;true;yes;
249;183;Cc1ccc(C(=O)NO)cc1NCc1c(F)c(Br)cc(Br)c1Br;Cc1ccc(C(=O)NO)cc1NCc1c(F)c(Br)cc(Br)c1Br;6.6321;2.685;true;no; 1 violations
250;184;Cc1ccc(C(=O)NO)cc1NCc1c(F)c(Br)c(Br)c(Br)c1F;Cc1ccc(C(=O)NO)cc1NCc1c(F)c(Br)c(Br)c(Br)c1F;6.6321;2.815;true;no; 1 violations
251;181;Cc1ccc(C(=O)NO)cc1NCc1c(Br)cc(Br)c(Br)c1F;Cc1ccc(C(=O)NO)cc1NCc1c(Br)cc(Br)c(Br)c1F;6.6321;2.688;true;no; 1 violations
252;186;Cc1ccc(C(=O)NO)cc1NCc1ccc(Br)c(Br)c1F;Cc1ccc(C(=O)NO)cc1NCc1ccc(Br)c(Br)c1F;6.6321;2.428;true;yes;
253;183;Cc1ccc(C(=O)NO)cc1NCc1c(F)c(Br)c(Br)c(Br)c1Br;Cc1ccc(C(=O)NO)cc1NCc1c(F)c(Br)c(Br)c(Br)c1Br;6.6321;2.796;true;no; 1 violations
254;101;Cc1c(Br)cc(C(=O)NO)cc1NC(=O)c1ccc(C(=O)NO)c(Br)c1;Cc1c(Br)cc(C(=O)NO)cc1NC(=O)c1ccc(C(=O)NO)c(Br)c1;6.6311;2.451;true;yes;
255;184;Cc1ccc(C(=O)NO)cc1NCc1c(F)c(F)c(Br)c(F)c1Br;Cc1ccc(C(=O)NO)cc1NCc1c(F)c(F)c(Br)c(F)c1Br;6.6302;2.75;true;yes;
256;86;COc1cccc(CNc2cc(C(=O)NO)ccc2Cl)c1;COc1cccc(CNc2cc(C(=O)NO)ccc2Cl)c1;6.6294;1.855;true;yes;
257;247;Cc1cc(Cl)cc(S(=O)(=O)Nc2cccc(C(=O)NO)c2)c1;Cc1cc(Cl)cc(S(=O)(=O)Nc2cccc(C(=O)NO)c2)c1;6.6287;2.081;true;yes;
258;184;Cc1ccc(C(=O)NO)cc1NC(=O)c1c(Cl)cc(Br)c(Br)c1F;Cc1ccc(C(=O)NO)cc1NC(=O)c1c(Cl)cc(Br)c(Br)c1F;6.6267;2.469;true;yes;
259;180;Cc1ccc(C(=O)NO)cc1NC(=O)c1c(Cl)ccc(Br)c1F;Cc1ccc(C(=O)NO)cc1NC(=O)c1c(Cl)ccc(Br)c1F;6.6267;2.24;true;yes;
260;184;Cc1ccc(C(=O)NO)cc1NC(=O)c1c(F)c(F)c(Br)c(Br)c1Cl;Cc1ccc(C(=O)NO)cc1NC(=O)c1c(F)c(F)c(Br)c(Br)c1Cl;6.6267;2.619;true;yes;
261;186;Cc1ccc(C(=O)NO)cc1NC(=O)c1c(F)c(F)c(Cl)c(Br)c1F;Cc1ccc(C(=O)NO)cc1NC(=O)c1c(F)c(F)c(Cl)c(Br)c1F;6.6267;2.561;true;yes;
262;184;Cc1ccc(C(=O)NO)cc1NC(=O)c1c(F)c(F)c(F)c(Br)c1Cl;Cc1ccc(C(=O)NO)cc1NC(=O)c1c(F)c(F)c(F)c(Br)c1Cl;6.6267;2.543;true;yes;
263;183;Cc1ccc(C(=O)NO)cc1NC(=O)c1c(Cl)c(Br)c(F)c(F)c1Br;Cc1ccc(C(=O)NO)cc1NC(=O)c1c(Cl)c(Br)c(F)c(F)c1Br;6.6267;2.692;true;yes;
264;184;Cc1ccc(C(=O)NO)cc1NC(=O)c1c(Cl)c(Br)c(Br)c(F)c1Br;Cc1ccc(C(=O)NO)cc1NC(=O)c1c(Cl)c(Br)c(Br)c(F)c1Br;6.6267;2.745;true;no; 1 violations
265;71;N#Cc1ccc(NC(=O)c2ccc(C(=O)NO)cc2)cc1;N#Cc1ccc(NC(=O)c2ccc(C(=O)NO)cc2)cc1;6.6266;1.743;true;yes;
266;184;Cc1ccc(C(=O)NO)cc1NCc1cc(Br)c(Br)c(Br)c1Br;Cc1ccc(C(=O)NO)cc1NCc1cc(Br)c(Br)c(Br)c1Br;6.6258;2.613;true;no; 1 violations
267;100;Cc1ccc(C(=O)Nc2cc(C(=O)NO)c(Br)cc2Br)cc1Br;Cc1ccc(C(=O)Nc2cc(C(=O)NO)c(Br)cc2Br)cc1Br;6.6257;2.316;true;yes;
268;186;Cc1ccc(C(=O)NO)cc1NCc1c(F)cc(Br)c(F)c1Br;Cc1ccc(C(=O)NO)cc1NCc1c(F)cc(Br)c(F)c1Br;6.6257;2.63;true;yes;
269;161;O=C(NO)c1ccc(C(F)F)c(NC(=O)c2ccccc2)c1;O=C(NO)c1ccc(C(F)F)c(NC(=O)c2ccccc2)c1;6.6257;2.046;true;yes;
270;89;O=C(NO)c1ccc(Br)c(NCc2ccccc2)c1;O=C(NO)c1ccc(Br)c(NCc2ccccc2)c1;6.6254;1.835;true;yes;
271;186;Cc1ccc(C(=O)NO)cc1NC(=O)c1c(F)cc(F)c(Br)c1Br;Cc1ccc(C(=O)NO)cc1NC(=O)c1c(F)cc(F)c(Br)c1Br;6.6252;2.483;true;yes;
272;160;CCc1ccc(C(=O)NO)cc1NCc1cccc(Br)c1;CCc1ccc(C(=O)NO)cc1NCc1cccc(Br)c1;6.6247;2.033;true;yes;
273;180;Cc1ccc(CNc2cc(C(=O)NO)ccc2C)cc1;Cc1ccc(CNc2cc(C(=O)NO)ccc2C)cc1;6.6239;1.769;true;yes;
274;91;Cc1cccc(NC(=O)c2cc(C(=O)NO)ccc2Cl)c1Cl;Cc1cccc(NC(=O)c2cc(C(=O)NO)ccc2Cl)c1Cl;6.6235;2.006;true;yes;
275;72;CCc1ccc(C(=O)Nc2ccc(C(=O)NO)cc2)cc1;CCc1ccc(C(=O)Nc2ccc(C(=O)NO)cc2)cc1;6.6231;1.601;true;yes;
276;175;Cc1ccc(C(=O)NO)cc1NC(=O)c1cccc(Br)c1F;Cc1ccc(C(=O)NO)cc1NC(=O)c1cccc(Br)c1F;6.6227;2.065;true;yes;
277;247;O=C(NO)c1cccc(NS(=O)(=O)c2cc(Cl)ccc2Cl)c1;O=C(NO)c1cccc(NS(=O)(=O)c2cc(Cl)ccc2Cl)c1;6.6225;1.969;true;yes;
278;184;Cc1ccc(C(=O)NO)cc1NCc1c(Br)c(Br)c(Br)c(Br)c1Br;Cc1ccc(C(=O)NO)cc1NCc1c(Br)c(Br)c(Br)c(Br)c1Br;6.6222;2.749;true;no; 2 violations
279;179;Cc1ccc(C(=O)NO)cc1NCc1cc(Br)ccc1Br;Cc1ccc(C(=O)NO)cc1NCc1cc(Br)ccc1Br;6.6222;2.108;true;yes;
280;172;Cc1ccc(C(=O)NO)cc1NC(=O)c1ccc(Cl)cc1;Cc1ccc(C(=O)NO)cc1NC(=O)c1ccc(Cl)cc1;6.622;1.672;true;yes;
281;173;Cc1ccc(Br)c(CNc2cc(C(=O)NO)ccc2C)c1;Cc1ccc(Br)c(CNc2cc(C(=O)NO)ccc2C)c1;6.6206;2.038;true;yes;
282;104;O=C(Nc1ccc(Br)c(C(=O)NO)c1)c1ccc(Br)c(Br)c1;O=C(Nc1ccc(Br)c(C(=O)NO)c1)c1ccc(Br)c(Br)c1;6.6193;2.156;true;yes;
283;92;O=C(NO)c1ccc(Br)c(NC(=O)c2cc(C(=O)NO)ccc2Br)c1;O=C(NO)c1ccc(Br)c(NC(=O)c2cc(C(=O)NO)ccc2Br)c1;6.6192;2.274;true;yes;
284;173;Cc1ccc(Br)cc1CNc1cc(C(=O)NO)ccc1C;Cc1ccc(Br)cc1CNc1cc(C(=O)NO)ccc1C;6.6189;2.024;true;yes;
285;131;Cc1ccc(C(=O)Nc2cc(C(=O)NO)ccc2F)cc1F;Cc1ccc(C(=O)Nc2cc(C(=O)NO)ccc2F)cc1F;6.6187;1.87;true;yes;
286;122;O=C(NO)c1ccc(Cl)c(NC(=O)c2ccccc2F)c1;O=C(NO)c1ccc(Cl)c(NC(=O)c2ccccc2F)c1;6.6177;1.771;true;yes;
287;181;Cc1ccc(CNc2cc(C(=O)NO)ccc2C)cc1N;Cc1ccc(CNc2cc(C(=O)NO)ccc2C)cc1N;6.6174;2.04;true;yes;
288;202;O=C(NO)c1ccc(NC(=O)c2cc(Cl)c(Cl)cc2Cl)cc1;O=C(NO)c1ccc(NC(=O)c2cc(Cl)c(Cl)cc2Cl)cc1;6.6171;1.865;true;yes;
289;183;Cc1ccc(C(=O)NO)cc1NC(=O)c1cc(Br)c(Br)c(Br)c1Cl;Cc1ccc(C(=O)NO)cc1NC(=O)c1cc(Br)c(Br)c(Br)c1Cl;6.6167;2.482;true;no; 1 violations
290;173;Cc1ccc(C(=O)NO)cc1NC(=O)c1cc(F)cc(F)c1F;Cc1ccc(C(=O)NO)cc1NC(=O)c1cc(F)cc(F)c1F;6.6166;2.082;true;yes;
291;183;Cc1ccc(C(=O)NO)cc1NC(=O)c1c(Cl)c(Br)cc(Br)c1Br;Cc1ccc(C(=O)NO)cc1NC(=O)c1c(Cl)c(Br)cc(Br)c1Br;6.616;2.566;true;no; 1 violations
292;183;Cc1ccc(C(=O)NO)cc1NC(=O)c1c(Cl)c(Br)c(Br)c(Br)c1Br;Cc1ccc(C(=O)NO)cc1NC(=O)c1c(Cl)c(Br)c(Br)c(Br)c1Br;6.616;2.657;true;no; 2 violations
293;172;Cc1ccc(C(=O)NO)cc1NC(=O)c1ccc(Cl)c(Br)c1;Cc1ccc(C(=O)NO)cc1NC(=O)c1ccc(Cl)c(Br)c1;6.616;1.959;true;yes;
294;184;Cc1ccc(C(=O)NO)cc1NC(=O)c1c(F)c(Br)c(Br)c(Br)c1Cl;Cc1ccc(C(=O)NO)cc1NC(=O)c1c(F)c(Br)c(Br)c(Br)c1Cl;6.6146;2.671;true;no; 1 violations
295;186;Cc1ccc(C(=O)NO)cc1NC(=O)c1c(F)c(Br)c(F)c(Br)c1Cl;Cc1ccc(C(=O)NO)cc1NC(=O)c1c(F)c(Br)c(F)c(Br)c1Cl;6.6146;2.672;true;yes;
296;185;Cc1ccc(C(=O)NO)cc1NC(=O)c1c(F)c(Br)cc(Br)c1Cl;Cc1ccc(C(=O)NO)cc1NC(=O)c1c(F)c(Br)cc(Br)c1Cl;6.6146;2.52;true;yes;
297;184;Cc1ccc(C(=O)NO)cc1NC(=O)c1c(Cl)c(Br)c(F)c(Br)c1Br;Cc1ccc(C(=O)NO)cc1NC(=O)c1c(Cl)c(Br)c(F)c(Br)c1Br;6.6146;2.715;true;no; 1 violations
298;167;O=C(NO)c1ccc(C(F)F)c(NC(=O)c2ccc(Br)cc2)c1;O=C(NO)c1ccc(C(F)F)c(NC(=O)c2ccc(Br)cc2)c1;6.6137;2.164;true;yes;
299;67;CNc1cc(C(=O)Nc2cccc(C(=O)NO)c2)ccc1Cl;CNc1cc(C(=O)Nc2cccc(C(=O)NO)c2)ccc1Cl;6.6132;1.905;true;yes;
300;175;Cc1ccc(C(=O)NO)cc1NC(=O)c1cc(Br)ccc1Cl;Cc1ccc(C(=O)NO)cc1NC(=O)c1cc(Br)ccc1Cl;6.613;1.886;true;yes;
301;99;Cc1c(Br)cc(C(=O)NO)cc1NC(=O)c1ccc(F)c(F)c1;Cc1c(Br)cc(C(=O)NO)cc1NC(=O)c1ccc(F)c(F)c1;6.6121;2.177;true;yes;
302;135;COc1cc(F)c(C(=O)Nc2cc(C(=O)NO)ccc2F)c(F)c1F;COc1cc(F)c(C(=O)Nc2cc(C(=O)NO)ccc2F)c(F)c1F;6.6121;2.319;true;yes;
303;202;O=C(NO)c1ccc(NC(=O)c2c(Cl)ccc(Cl)c2Cl)cc1;O=C(NO)c1ccc(NC(=O)c2c(Cl)ccc(Cl)c2Cl)cc1;6.612;1.966;true;yes;
304;203;O=C(NO)c1ccc(NC(=O)c2c(Cl)c(Cl)c(Cl)c(Cl)c2Cl)cc1;O=C(NO)c1ccc(NC(=O)c2c(Cl)c(Cl)c(Cl)c(Cl)c2Cl)cc1;6.612;2.305;true;no; 1 violations
305;72;Cc1ccc(NC(=O)c2ccc(C(=O)NO)cc2Cl)cc1;Cc1ccc(NC(=O)c2ccc(C(=O)NO)cc2Cl)cc1;6.6102;1.721;true;yes;
306;182;Cc1ccc(C(=O)NO)cc1NCc1cccc(Br)c1F;Cc1ccc(C(=O)NO)cc1NCc1cccc(Br)c1F;6.6095;2.179;true;yes;
307;181;Cc1ccc(C(=O)NO)cc1NCc1c(F)c(F)c(F)c(F)c1F;Cc1ccc(C(=O)NO)cc1NCc1c(F)c(F)c(F)c(F)c1F;6.6093;2.459;true;yes;
308;160;Cc1ccc(C(=O)NO)cc1NCc1ccc(F)cc1;Cc1ccc(C(=O)NO)cc1NCc1ccc(F)cc1;6.6087;1.793;true;yes;
309;186;Cc1ccc(C(=O)NO)cc1NC(=O)c1cccc(Br)c1Br;Cc1ccc(C(=O)NO)cc1NC(=O)c1cccc(Br)c1Br;6.6076;2.118;true;yes;
310;173;Cc1ccc(C(=O)NO)cc1NC(=O)c1c(Br)cccc1Br;Cc1ccc(C(=O)NO)cc1NC(=O)c1c(Br)cccc1Br;6.6074;2.167;true;yes;
311;111;O=C(NO)c1ccc(F)c(NCc2ccccc2F)c1;O=C(NO)c1ccc(F)c(NCc2ccccc2F)c1;6.6069;1.908;true;yes;
312;164;CCCc1ccc(C(=O)NO)cc1NCc1cccc(Br)c1;CCCc1ccc(C(=O)NO)cc1NCc1cccc(Br)c1;6.6063;2.095;true;yes;
313;172;Cc1ccc(C(=O)NO)cc1NC(=O)c1ccc(F)cc1F;Cc1ccc(C(=O)NO)cc1NC(=O)c1ccc(F)cc1F;6.6053;1.863;true;yes;
314;99;O=C(NO)c1cc(Br)cc(NC(=O)c2ccc(Br)c(Br)c2)c1;O=C(NO)c1cc(Br)cc(NC(=O)c2ccc(Br)c(Br)c2)c1;6.6053;2.195;true;yes;
315;161;CCCc1ccc(C(=O)NO)cc1NCc1ccccc1;CCCc1ccc(C(=O)NO)cc1NCc1ccccc1;6.6046;1.905;true;yes;
316;202;O=C(NO)c1ccc(NC(=O)c2c(Br)ccc(Cl)c2Cl)cc1;O=C(NO)c1ccc(NC(=O)c2c(Br)ccc(Cl)c2Cl)cc1;6.6045;2.09;true;yes;
317;180;Cc1ccc(C(=O)NO)cc1NCc1c(F)c(F)c(Br)c(F)c1F;Cc1ccc(C(=O)NO)cc1NCc1c(F)c(F)c(Br)c(F)c1F;6.6044;2.611;true;yes;
318;178;Cc1ccc(C(=O)NO)cc1NCc1cc(C)c(Cl)c(Br)c1;Cc1ccc(C(=O)NO)cc1NCc1cc(C)c(Cl)c(Br)c1;6.6039;2.29;true;yes;
319;98;Cc1cc(C(=O)NO)cc(NC(=O)c2ccc(Br)c(Br)c2)c1Br;Cc1cc(C(=O)NO)cc(NC(=O)c2ccc(Br)c(Br)c2)c1Br;6.6036;2.426;true;yes;
320;177;Cc1ccc(C(=O)NO)cc1NCc1ccc(F)c(F)c1;Cc1ccc(C(=O)NO)cc1NCc1ccc(F)c(F)c1;6.6024;1.95;true;yes;
321;178;Cc1ccc(C(=O)NO)cc1NCc1cc(C(F)F)ccc1Cl;Cc1ccc(C(=O)NO)cc1NCc1cc(C(F)F)ccc1Cl;6.6023;2.27;true;yes;
322;173;Cc1ccc(C(=O)NO)cc1NC(=O)c1cccc(F)c1F;Cc1ccc(C(=O)NO)cc1NC(=O)c1cccc(F)c1F;6.6006;1.934;true;yes;
323;111;O=C(NO)c1ccc(Br)c(NCc2ccccc2F)c1;O=C(NO)c1ccc(Br)c(NCc2ccccc2F)c1;6.5994;1.994;true;yes;
324;168;O=C(NO)c1ccc(C(F)F)c(NC(=O)c2ccc(Br)c(Br)c2)c1;O=C(NO)c1ccc(C(F)F)c(NC(=O)c2ccc(Br)c(Br)c2)c1;6.5994;2.404;true;yes;
325;185;Cc1ccc(C(=O)NO)cc1NCc1c(F)cc(Br)c(Br)c1F;Cc1ccc(C(=O)NO)cc1NCc1c(F)cc(Br)c(Br)c1F;6.5991;2.585;true;yes;
326;182;Cc1ccc(C(=O)NO)cc1NCc1c(F)ccc(Br)c1F;Cc1ccc(C(=O)NO)cc1NCc1c(F)ccc(Br)c1F;6.5991;2.353;true;yes;
327;173;Cc1ccc(C(=O)NO)cc1NC(=O)c1c(F)cc(F)cc1F;Cc1ccc(C(=O)NO)cc1NC(=O)c1c(F)cc(F)cc1F;6.5988;2.081;true;yes;
328;186;Cc1ccc(C(=O)NO)cc1NC(=O)c1c(Cl)cc(F)c(F)c1F;Cc1ccc(C(=O)NO)cc1NC(=O)c1c(Cl)cc(F)c(F)c1F;6.5982;2.25;true;yes;
329;173;Cc1cc(CNc2cc(C(=O)NO)ccc2C)ccc1Cl;Cc1cc(CNc2cc(C(=O)NO)ccc2C)ccc1Cl;6.5971;1.949;true;yes;
330;185;Cc1ccc(C(=O)NO)cc1NC(=O)c1c(Cl)c(Br)cc(Br)c1Cl;Cc1ccc(C(=O)NO)cc1NC(=O)c1c(Cl)c(Br)cc(Br)c1Cl;6.597;2.506;true;no; 1 violations
331;183;Cc1ccc(C(=O)NO)cc1NC(=O)c1c(Cl)c(Br)c(Br)c(Br)c1Cl;Cc1ccc(C(=O)NO)cc1NC(=O)c1c(Cl)c(Br)c(Br)c(Br)c1Cl;6.597;2.675;true;no; 1 violations
332;182;Cc1ccc(C(=O)NO)cc1NCc1cc(F)c(F)c(F)c1;Cc1ccc(C(=O)NO)cc1NCc1cc(F)c(F)c(F)c1;6.5964;2.147;true;yes;
333;201;O=C(NO)c1ccc(NC(=O)c2cc(Cl)cc(Cl)c2)cc1;O=C(NO)c1ccc(NC(=O)c2cc(Cl)cc(Cl)c2)cc1;6.596;1.809;true;yes;
334;185;Cc1ccc(C(=O)NO)cc1NC(=O)c1cc(F)c(Br)c(Br)c1;Cc1ccc(C(=O)NO)cc1NC(=O)c1cc(F)c(Br)c(Br)c1;6.5959;2.253;true;yes;
335;230;Cc1ccc(C(=O)NO)cc1Nc1c(Cl)cccc1Cl;Cc1ccc(C(=O)NO)cc1Nc1c(Cl)cccc1Cl;6.5954;1.976;true;yes;
336;205;O=C(NO)c1ccc(NC(=O)c2cc(Cl)c(Cl)c(Cl)c2)cc1;O=C(NO)c1ccc(NC(=O)c2cc(Cl)c(Cl)c(Cl)c2)cc1;6.5951;1.96;true;yes;
337;203;O=C(NO)c1ccc(NC(=O)c2c(Cl)c(Cl)cc(Cl)c2Cl)cc1;O=C(NO)c1ccc(NC(=O)c2c(Cl)c(Cl)cc(Cl)c2Cl)cc1;6.5951;2.194;true;yes;
338;195;O=C(NO)c1cc(Br)c(Cl)c(NC(=O)c2cc(Br)cc(Br)c2Br)c1;O=C(NO)c1cc(Br)c(Cl)c(NC(=O)c2cc(Br)cc(Br)c2Br)c1;6.595;2.668;true;no; 2 violations
339;157;Cc1cc(F)c(C(=O)NO)cc1NCc1ccccc1;Cc1cc(F)c(C(=O)NO)cc1NCc1ccccc1;6.5947;1.979;true;yes;
340;164;CCC(F)(F)c1ccc(C(=O)NO)cc1NCc1ccccc1;CCC(F)(F)c1ccc(C(=O)NO)cc1NCc1ccccc1;6.5942;2.305;true;yes;
341;202;O=C(NO)c1ccc(NC(=O)c2c(Cl)ccc(Cl)c2Br)cc1;O=C(NO)c1ccc(NC(=O)c2c(Cl)ccc(Cl)c2Br)cc1;6.5939;2.164;true;yes;
342;160;Cc1ccc(C(=O)NO)cc1NCc1c(Br)cccc1Br;Cc1ccc(C(=O)NO)cc1NCc1c(Br)cccc1Br;6.5935;2.254;true;yes;
343;96;Cc1ccc(C(=O)Nc2cc(C(=O)NO)cc(Br)c2Cl)cc1Br;Cc1ccc(C(=O)Nc2cc(C(=O)NO)cc(Br)c2Cl)cc1Br;6.5928;2.315;true;yes;
344;65;O=C(NO)c1ccc(C(=O)Nc2ccc(Br)cc2)cc1;O=C(NO)c1ccc(C(=O)Nc2ccc(Br)cc2)cc1;6.5924;1.619;true;yes;
345;176;Cc1ccc(C(=O)NO)cc1NCc1cc(F)c(F)c(Br)c1;Cc1ccc(C(=O)NO)cc1NCc1cc(F)c(F)c(Br)c1;6.5916;2.278;true;yes;
346;159;O=C(NO)c1ccc(C(F)F)c(NCc2cccc(Br)c2)c1;O=C(NO)c1ccc(C(F)F)c(NCc2cccc(Br)c2)c1;6.5916;2.325;true;yes;
347;179;Cc1ccc(C(=O)NO)cc1NCc1cc(Br)c(Br)c(F)c1F;Cc1ccc(C(=O)NO)cc1NCc1cc(Br)c(Br)c(F)c1F;6.591;2.546;true;yes;
348;180;Cc1ccc(C(=O)NO)cc1NCc1cc(Br)c(F)c(F)c1F;Cc1ccc(C(=O)NO)cc1NCc1cc(Br)c(F)c(F)c1F;6.591;2.455;true;yes;
349;159;Cc1ccc(C(=O)NO)cc1NCc1cccc(Br)c1Br;Cc1ccc(C(=O)NO)cc1NCc1cccc(Br)c1Br;6.5909;2.243;true;yes;
350;166;O=C(NO)c1ccc(C(F)(F)F)c(NC(=O)c2ccccc2F)c1;O=C(NO)c1ccc(C(F)(F)F)c(NC(=O)c2ccccc2F)c1;6.5898;2.034;true;yes;
351;138;COc1ccc(C(=O)Nc2cc(C(=O)NO)ccc2F)c(F)c1F;COc1ccc(C(=O)Nc2cc(C(=O)NO)ccc2F)c(F)c1F;6.5896;2.118;true;yes;
352;179;Cc1ccc(C(=O)NO)cc1NC(=O)c1c(Cl)cc(Cl)cc1Cl;Cc1ccc(C(=O)NO)cc1NC(=O)c1c(Cl)cc(Cl)cc1Cl;6.5895;2.065;true;yes;
353;192;O=C(NO)c1ccc(Br)c(NC(=O)c2c(F)c(F)c(F)c(Br)c2F)c1;O=C(NO)c1ccc(Br)c(NC(=O)c2c(F)c(F)c(F)c(Br)c2F)c1;6.5887;2.597;true;yes;
354;204;O=C(NO)c1ccc(NC(=O)c2cc(Br)c(Cl)c(Cl)c2Cl)cc1;O=C(NO)c1ccc(NC(=O)c2cc(Br)c(Cl)c(Cl)c2Cl)cc1;6.5882;2.265;true;yes;
355;201;O=C(NO)c1ccc(NC(=O)c2cc(Br)cc(Cl)c2Cl)cc1;O=C(NO)c1ccc(NC(=O)c2cc(Br)cc(Cl)c2Cl)cc1;6.5882;2.03;true;yes;
356;79;O=C(NO)c1cccc(NC(=O)c2ccc(F)c(F)c2)c1;O=C(NO)c1cccc(NC(=O)c2ccc(F)c(F)c2)c1;6.588;1.77;true;yes;
357;200;O=C(NO)c1ccc(NC(=O)c2c(Cl)c(Cl)cc(Br)c2Cl)cc1;O=C(NO)c1ccc(NC(=O)c2c(Cl)c(Cl)cc(Br)c2Cl)cc1;6.5875;2.325;true;yes;
358;202;O=C(NO)c1ccc(NC(=O)c2c(Cl)cc(Br)c(Cl)c2Cl)cc1;O=C(NO)c1ccc(NC(=O)c2c(Cl)cc(Br)c(Cl)c2Cl)cc1;6.5875;2.298;true;yes;
359;202;O=C(NO)c1ccc(NC(=O)c2c(Cl)c(Cl)cc(Br)c2Br)cc1;O=C(NO)c1ccc(NC(=O)c2c(Cl)c(Cl)cc(Br)c2Br)cc1;6.5875;2.387;true;yes;
360;202;O=C(NO)c1ccc(NC(=O)c2c(Cl)c(Cl)cc(Cl)c2Br)cc1;O=C(NO)c1ccc(NC(=O)c2c(Cl)c(Cl)cc(Cl)c2Br)cc1;6.5875;2.329;true;yes;
361;168;O=C(NO)c1ccc(C(F)F)c(NC(=O)c2ccc(F)cc2)c1;O=C(NO)c1ccc(C(F)F)c(NC(=O)c2ccc(F)cc2)c1;6.586;2.111;true;yes;
362;102;Cc1cc(C(=O)Nc2cc(C(=O)NO)c(Br)cc2Br)ccc1Br;Cc1cc(C(=O)Nc2cc(C(=O)NO)c(Br)cc2Br)ccc1Br;6.5858;2.302;true;yes;
363;178;Cc1ccc(C(=O)NO)cc1NC(=O)c1ccc(Cl)c(F)c1;Cc1ccc(C(=O)NO)cc1NC(=O)c1ccc(Cl)c(F)c1;6.5855;1.866;true;yes;
364;159;Cc1ccc(C(=O)NO)cc1NCc1c(F)cccc1F;Cc1ccc(C(=O)NO)cc1NCc1c(F)cccc1F;6.585;2.041;true;yes;
365;176;Cc1ccc(C(=O)NO)cc1NC(=O)c1c(Cl)cccc1Br;Cc1ccc(C(=O)NO)cc1NC(=O)c1c(Cl)cccc1Br;6.5849;2.078;true;yes;
366;182;Cc1ccc(C(=O)NO)cc1NC(=O)c1c(Br)cc(F)c(Br)c1F;Cc1ccc(C(=O)NO)cc1NC(=O)c1c(Br)cc(F)c(Br)c1F;6.5847;2.514;true;yes;
367;110;Cc1ccc(C(=O)Nc2cc(C(=O)NO)ccc2F)cc1;Cc1ccc(C(=O)Nc2cc(C(=O)NO)ccc2F)cc1;6.5842;1.707;true;yes;
368;169;O=C(NO)c1ccc(C(F)F)c(NC(=O)c2ccccc2Cl)c1;O=C(NO)c1ccc(C(F)F)c(NC(=O)c2ccccc2Cl)c1;6.5837;2.147;true;yes;
369;170;O=C(NO)c1ccc(C(F)F)c(NC(=O)c2ccc(F)c(Br)c2)c1;O=C(NO)c1ccc(C(F)F)c(NC(=O)c2ccc(F)c(Br)c2)c1;6.5828;2.324;true;yes;
370;60;O=C(NO)c1cccc(C(=O)Nc2ccc(Br)cc2)c1;O=C(NO)c1cccc(C(=O)Nc2ccc(Br)cc2)c1;6.5825;1.687;true;yes;
371;157;Cc1ccc(C(=O)NO)cc1NCc1cccc(F)c1;Cc1ccc(C(=O)NO)cc1NCc1cccc(F)c1;6.5823;1.851;true;yes;
372;182;Cc1ccc(C(=O)NO)cc1NCc1c(Br)cc(Br)c(F)c1F;Cc1ccc(C(=O)NO)cc1NCc1c(Br)cc(Br)c(F)c1F;6.582;2.574;true;yes;
373;184;Cc1ccc(C(=O)NO)cc1NCc1c(F)c(F)c(F)c(Br)c1Br;Cc1ccc(C(=O)NO)cc1NCc1c(F)c(F)c(F)c(Br)c1Br;6.582;2.674;true;yes;
374;180;Cc1ccc(C(=O)NO)cc1NCc1ccc(Br)c(F)c1F;Cc1ccc(C(=O)NO)cc1NCc1ccc(Br)c(F)c1F;6.582;2.31;true;yes;
375;183;Cc1ccc(C(=O)NO)cc1NCc1c(F)c(F)c(Br)c(Br)c1F;Cc1ccc(C(=O)NO)cc1NCc1c(F)c(F)c(Br)c(Br)c1F;6.582;2.743;true;yes;
376;183;Cc1ccc(C(=O)NO)cc1NCc1c(F)c(F)c(Br)c(Br)c1Br;Cc1ccc(C(=O)NO)cc1NCc1c(F)c(F)c(Br)c(Br)c1Br;6.582;2.724;true;no; 1 violations
377;173;Cc1ccc(C(=O)NO)cc1NCc1cccc(Cl)c1;Cc1ccc(C(=O)NO)cc1NCc1cccc(Cl)c1;6.5812;1.844;true;yes;
378;103;Cc1cc(C(=O)Nc2ccc3ccc(C(=O)NO)cc3c2)c(Cl)cc1Br;Cc1cc(C(=O)Nc2ccc3ccc(C(=O)NO)cc3c2)c(Cl)cc1Br;6.5807;2.163;true;yes;
379;87;O=C(NO)c1ccc(Br)c(NCc2cccc(Br)c2)c1;O=C(NO)c1ccc(Br)c(NCc2cccc(Br)c2)c1;6.5803;2.042;true;yes;
380;180;Cc1ccc(C(=O)NO)cc1NCc1c(F)cccc1Br;Cc1ccc(C(=O)NO)cc1NCc1c(F)cccc1Br;6.5802;2.148;true;yes;
381;203;O=C(NO)c1ccc(NC(=O)c2cc(Cl)ccc2Cl)cc1;O=C(NO)c1ccc(NC(=O)c2cc(Cl)ccc2Cl)cc1;6.5798;1.716;true;yes;
382;100;COc1ccc(CNc2cc(C(=O)NO)c(Br)cc2Cl)cc1Br;COc1ccc(CNc2cc(C(=O)NO)c(Br)cc2Cl)cc1Br;6.5795;2.317;true;yes;
383;83;Nc1ccc(C(=O)Nc2cccc(C(=O)NO)c2)cc1;Nc1ccc(C(=O)Nc2cccc(C(=O)NO)c2)cc1;6.5794;1.719;true;yes;
384;177;Cc1cc(CNc2cc(C(=O)NO)ccc2C)c(Cl)cc1Br;Cc1cc(CNc2cc(C(=O)NO)ccc2C)c(Cl)cc1Br;6.5791;2.22;true;yes;
385;154;O=C(NO)c1ccc(F)c(NCc2ccccc2S)c1;O=C(NO)c1ccc(F)c(NCc2ccccc2S)c1;6.5788;2.284;true;yes;
386;180;Cc1ccc(C(=O)NO)cc1NCc1ccc(Br)c(F)c1;Cc1ccc(C(=O)NO)cc1NCc1ccc(Br)c(F)c1;6.5786;2.053;true;yes;
387;178;Cc1ccc(C(=O)NO)cc1NCc1ccc(F)c(C)c1F;Cc1ccc(C(=O)NO)cc1NCc1ccc(F)c(C)c1F;6.5783;2.249;true;yes;
388;177;Cc1ccc(C(=O)NO)cc1NCc1ccc(F)cc1F;Cc1ccc(C(=O)NO)cc1NCc1ccc(F)cc1F;6.5782;1.986;true;yes;
389;178;Cc1ccc(CNc2cc(C(=O)NO)ccc2C)cc1F;Cc1ccc(CNc2cc(C(=O)NO)ccc2C)cc1F;6.577;1.936;true;yes;
390;183;Cc1ccc(C(=O)NO)cc1NCc1c(F)cc(F)c(F)c1F;Cc1ccc(C(=O)NO)cc1NCc1c(F)cc(F)c(F)c1F;6.5763;2.347;true;yes;
391;184;Cc1ccc(C(=O)NO)cc1NCc1cc(F)c(F)c(F)c1F;Cc1ccc(C(=O)NO)cc1NCc1cc(F)c(F)c(F)c1F;6.5763;2.33;true;yes;
392;108;O=C(NO)c1cccc(NC(=O)c2ccc(Br)c(Br)c2)c1;O=C(NO)c1cccc(NC(=O)c2ccc(Br)c(Br)c2)c1;6.5755;1.947;true;yes;
393;136;O=C(NO)c1ccc(NC(=O)c2c(Cl)cc(F)c(F)c2F)c(F)c1;O=C(NO)c1ccc(NC(=O)c2c(Cl)cc(F)c(F)c2F)c(F)c1;6.575;2.305;true;yes;
394;111;Nc1cc(C(=O)Nc2cccc(C(=O)NO)c2)ccc1Br;Nc1cc(C(=O)Nc2cccc(C(=O)NO)c2)ccc1Br;6.5747;1.95;true;yes;
395;160;Cc1c(NCc2ccccc2)cc(C(=O)NO)c(F)c1F;Cc1c(NCc2ccccc2)cc(C(=O)NO)c(F)c1F;6.5741;2.245;true;yes;
396;63;CC(=O)Nc1ccc(C(=O)NO)cc1;CC(=O)Nc1ccc(C(=O)NO)cc1;6.5737;1.601;true;no; 1 violations
397;177;Cc1ccc(C(=O)NO)cc1NC(=O)c1c(F)cc(Cl)cc1F;Cc1ccc(C(=O)NO)cc1NC(=O)c1c(F)cc(Cl)cc1F;6.5735;2.114;true;yes;
398;151;O=C(NO)c1ccc(NCc2ccccc2)c(F)c1;O=C(NO)c1ccc(NCc2ccccc2)c(F)c1;6.573;1.761;true;yes;
399;176;Cc1ccc(C(=O)NO)cc1NCc1cc(F)c(C)c(F)c1;Cc1ccc(C(=O)NO)cc1NCc1cc(F)c(C)c(F)c1;6.571;2.176;true;yes;
400;183;Cc1ccc(C(=O)NO)cc1NCc1c(F)c(Br)c(Br)c(Br)c1Cl;Cc1ccc(C(=O)NO)cc1NCc1c(F)c(Br)c(Br)c(Br)c1Cl;6.57;2.829;true;no; 1 violations
401;100;Cc1c(Br)cc(C(=O)NO)cc1NC(=O)c1ccc(Br)c(N)c1;Cc1c(Br)cc(C(=O)NO)cc1NC(=O)c1ccc(Br)c(N)c1;6.569;2.345;true;yes;
402;160;O=C(NO)c1ccc(C(F)F)c(NC(=O)c2cccc(Br)c2)c1;O=C(NO)c1ccc(C(F)F)c(NC(=O)c2cccc(Br)c2)c1;6.5679;2.216;true;yes;
403;113;O=C(NO)c1ccc(Cl)c(NCc2ccccc2F)c1;O=C(NO)c1ccc(Cl)c(NCc2ccccc2F)c1;6.5673;1.893;true;yes;
404;180;Cc1c(F)cc(C(=O)NO)cc1NC(=O)c1ccc(Br)c(F)c1;Cc1c(F)cc(C(=O)NO)cc1NC(=O)c1ccc(Br)c(F)c1;6.5669;2.187;true;yes;
405;101;O=C(Nc1cc(Br)c(Br)c(C(=O)NO)c1)c1ccc(Br)c(Br)c1;O=C(Nc1cc(Br)c(Br)c(C(=O)NO)c1)c1ccc(Br)c(Br)c1;6.5667;2.475;true;no; 1 violations
406;82;O=C(NO)c1cccc(CNS(=O)(=O)c2cccc(Br)c2)c1;O=C(NO)c1cccc(CNS(=O)(=O)c2cccc(Br)c2)c1;6.5665;1.991;true;yes;
407;181;Cc1ccc(C(=O)NO)cc1NCc1ccc(Cl)c(Br)c1Br;Cc1ccc(C(=O)NO)cc1NCc1ccc(Cl)c(Br)c1Br;6.5664;2.407;true;yes;
408;161;CC(F)(F)c1ccc(C(=O)NO)cc1NCc1ccccc1;CC(F)(F)c1ccc(C(=O)NO)cc1NCc1ccccc1;6.5657;2.18;true;yes;
409;175;Cc1ccc(C(=O)NO)cc1NCc1cc(Br)ccc1F;Cc1ccc(C(=O)NO)cc1NCc1cc(Br)ccc1F;6.5654;2.043;true;yes;
410;190;O=C(NO)c1ccc(F)c(NC(=O)c2c(F)c(F)c(Br)c(F)c2F)c1;O=C(NO)c1ccc(F)c(NC(=O)c2c(F)c(F)c(Br)c(F)c2F)c1;6.5651;2.509;true;yes;
411;189;O=C(NO)c1ccc(F)c(NC(=O)c2c(F)c(F)c(F)c(Br)c2Br)c1;O=C(NO)c1ccc(F)c(NC(=O)c2c(F)c(F)c(F)c(Br)c2Br)c1;6.5651;2.597;true;yes;
412;189;O=C(NO)c1ccc(F)c(NC(=O)c2c(F)c(F)c(F)c(F)c2Br)c1;O=C(NO)c1ccc(F)c(NC(=O)c2c(F)c(F)c(F)c(F)c2Br)c1;6.5651;2.551;true;yes;
413;192;O=C(NO)c1ccc(F)c(NC(=O)c2c(Br)c(F)c(F)c(F)c2Br)c1;O=C(NO)c1ccc(F)c(NC(=O)c2c(Br)c(F)c(F)c(F)c2Br)c1;6.5651;2.663;true;yes;
414;191;O=C(NO)c1ccc(F)c(NC(=O)c2c(F)cc(F)c(F)c2Br)c1;O=C(NO)c1ccc(F)c(NC(=O)c2c(F)cc(F)c(F)c2Br)c1;6.5651;2.471;true;yes;
415;192;O=C(NO)c1ccc(F)c(NC(=O)c2c(F)c(F)cc(Br)c2F)c1;O=C(NO)c1ccc(F)c(NC(=O)c2c(F)c(F)cc(Br)c2F)c1;6.5651;2.424;true;yes;
416;136;O=C(NO)c1ccc(F)c(NC(=O)c2c(F)cc(Br)c(F)c2F)c1;O=C(NO)c1ccc(F)c(NC(=O)c2c(F)cc(Br)c(F)c2F)c1;6.5651;2.409;true;yes;
417;135;O=C(NO)c1ccc(F)c(NC(=O)c2c(Br)cc(F)c(F)c2F)c1;O=C(NO)c1ccc(F)c(NC(=O)c2c(Br)cc(F)c(F)c2F)c1;6.5651;2.394;true;yes;
418;189;O=C(NO)c1ccc(F)c(NC(=O)c2c(F)c(F)c(F)c(Br)c2F)c1;O=C(NO)c1ccc(F)c(NC(=O)c2c(F)c(F)c(F)c(Br)c2F)c1;6.5651;2.512;true;yes;
419;192;O=C(NO)c1ccc(Br)c(NC(=O)c2c(F)cc(F)c(F)c2F)c1;O=C(NO)c1ccc(Br)c(NC(=O)c2c(F)cc(F)c(F)c2F)c1;6.5651;2.376;true;yes;
420;132;O=C(NO)c1ccc(F)c(NC(=O)c2c(F)cc(F)c(F)c2F)c1;O=C(NO)c1ccc(F)c(NC(=O)c2c(F)cc(F)c(F)c2F)c1;6.5648;2.288;true;yes;
421;138;O=C(NO)c1ccc(F)c(NC(=O)c2c(F)c(F)c(F)c(F)c2F)c1;O=C(NO)c1ccc(F)c(NC(=O)c2c(F)c(F)c(F)c(F)c2F)c1;6.5648;2.361;true;yes;
422;132;O=C(NO)c1ccc(F)c(NC(=O)c2c(F)ccc(F)c2F)c1;O=C(NO)c1ccc(F)c(NC(=O)c2c(F)ccc(F)c2F)c1;6.5648;2.154;true;yes;
423;107;O=C(NO)c1cc(F)c(F)c(NC(=O)c2ccc(F)c(F)c2)c1;O=C(NO)c1cc(F)c(F)c(NC(=O)c2ccc(F)c(F)c2)c1;6.5648;2.136;true;yes;
424;140;O=C(NO)c1ccc(F)c(NC(=O)c2c(F)c(F)cc(F)c2F)c1;O=C(NO)c1ccc(F)c(NC(=O)c2c(F)c(F)cc(F)c2F)c1;6.5648;2.3;true;yes;
425;130;O=C(NO)c1ccc(F)c(NC(=O)c2cc(F)c(F)c(F)c2)c1;O=C(NO)c1ccc(F)c(NC(=O)c2cc(F)c(F)c(F)c2)c1;6.5648;2.083;true;yes;
426;139;O=C(NO)c1ccc(F)c(NCc2cccc(Br)c2)c1;O=C(NO)c1ccc(F)c(NCc2cccc(Br)c2)c1;6.5643;1.955;true;yes;
427;86;Cc1ccc(C(=O)Nc2cc(C(=O)NO)ccc2Cl)cc1;Cc1ccc(C(=O)Nc2cc(C(=O)NO)ccc2Cl)cc1;6.5642;1.686;true;yes;
428;182;Cc1ccc(C(=O)NO)cc1NCc1c(Cl)ccc(Br)c1Br;Cc1ccc(C(=O)NO)cc1NCc1c(Cl)ccc(Br)c1Br;6.5632;2.391;true;yes;
429;179;Cc1ccc(C(=O)NO)cc1NCc1cc(Br)ccc1Cl;Cc1ccc(C(=O)NO)cc1NCc1cc(Br)ccc1Cl;6.5632;2.035;true;yes;
430;129;O=C(NO)c1cccc(NC(=O)c2ccc(F)c(Br)c2)c1;O=C(NO)c1cccc(NC(=O)c2ccc(F)c(Br)c2)c1;6.5629;1.857;true;yes;
431;197;Cc1ccc(Br)c(C(=O)Nc2cc(C(=O)NO)ccc2Cl)c1;Cc1ccc(Br)c(C(=O)Nc2cc(C(=O)NO)ccc2Cl)c1;6.5628;1.945;true;yes;
432;181;Cc1ccc(C(=O)NO)cc1NCc1ccc(C)c(F)c1F;Cc1ccc(C(=O)NO)cc1NCc1ccc(C)c(F)c1F;6.5614;2.193;true;yes;
433;109;O=C(NO)c1ccc(F)c(NC(=O)c2ccccc2Br)c1;O=C(NO)c1ccc(F)c(NC(=O)c2ccccc2Br)c1;6.5612;1.858;true;yes;
434;153;O=C(NO)c1cc(NCc2ccccc2)c(F)cc1F;O=C(NO)c1cc(NCc2ccccc2)c(F)cc1F;6.5609;1.997;true;yes;
435;175;Cc1ccc(C(=O)NO)cc1NCc1cc(F)cc(F)c1;Cc1ccc(C(=O)NO)cc1NCc1cc(F)cc(F)c1;6.5606;2.034;true;yes;
436;169;O=C(NO)c1ccc(C(F)F)c(NC(=O)c2ccc(Cl)cc2)c1;O=C(NO)c1ccc(C(F)F)c(NC(=O)c2ccc(Cl)cc2)c1;6.5605;2.106;true;yes;
437;110;O=C(NO)c1ccc(NC(=O)c2ccc(Cl)cc2)c(F)c1;O=C(NO)c1ccc(NC(=O)c2ccc(Cl)cc2)c(F)c1;6.5605;1.733;true;yes;
438;136;O=C(NO)c1ccc(F)c(NC(=O)c2cc(Br)c(F)c(F)c2F)c1;O=C(NO)c1ccc(F)c(NC(=O)c2cc(Br)c(F)c(F)c2F)c1;6.5604;2.374;true;yes;
439;130;O=C(NO)c1ccc(F)c(NC(=O)c2ccc(F)c(F)c2F)c1;O=C(NO)c1ccc(F)c(NC(=O)c2ccc(F)c(F)c2F)c1;6.5602;2.112;true;yes;
440;131;O=C(NO)c1ccc(F)c(NC(=O)c2cc(F)c(F)c(F)c2F)c1;O=C(NO)c1ccc(F)c(NC(=O)c2cc(F)c(F)c(F)c2F)c1;6.5602;2.252;true;yes;
441;89;COc1ccc(Cl)c(CNc2cc(C(=O)NO)ccc2Cl)c1;COc1ccc(Cl)c(CNc2cc(C(=O)NO)ccc2Cl)c1;6.5598;1.999;true;yes;
442;103;O=C(Nc1cc(C(=O)NO)c(Cl)c(F)c1Cl)c1ccc(Br)cc1;O=C(Nc1cc(C(=O)NO)c(Cl)c(F)c1Cl)c1ccc(Br)cc1;6.5598;2.395;true;yes;
443;194;O=C(NO)c1ccc(Br)c(NC(=O)c2c(Br)cc(Br)c(F)c2Br)c1;O=C(NO)c1ccc(Br)c(NC(=O)c2c(Br)cc(Br)c(F)c2Br)c1;6.559;2.703;true;no; 1 violations
444;179;Cc1cc(CNc2cc(C(=O)NO)ccc2C)c(Br)cc1Cl;Cc1cc(CNc2cc(C(=O)NO)ccc2C)c(Br)cc1Cl;6.5586;2.21;true;yes;
445;174;Cc1ccc(C(=O)NO)cc1NC(=O)c1c(Cl)cccc1Cl;Cc1ccc(C(=O)NO)cc1NC(=O)c1c(Cl)cccc1Cl;6.5584;1.914;true;yes;
446;65;CC=Cc1ccc(C(=O)Nc2cccc(C(=O)NO)c2)cc1;CC=Cc1ccc(C(=O)Nc2cccc(C(=O)NO)c2)cc1;6.558;1.912;true;yes;
447;105;O=C(Nc1ccc(Cl)c(C(=O)NO)c1)c1ccc(Br)c(Br)c1;O=C(Nc1ccc(Cl)c(C(=O)NO)c1)c1ccc(Br)c(Br)c1;6.5579;2.062;true;yes;
448;201;O=C(NO)c1ccc(NC(=O)c2cc(Cl)cc(Cl)c2Cl)cc1;O=C(NO)c1ccc(NC(=O)c2cc(Cl)cc(Cl)c2Cl)cc1;6.5579;1.957;true;yes;
449;178;Cc1ccc(C(=O)NO)cc1NCc1cc(F)ccc1Br;Cc1ccc(C(=O)NO)cc1NCc1cc(F)ccc1Br;6.5575;2.064;true;yes;
450;181;Cc1ccc(C(=O)NO)cc1NCc1cc(F)cc(Br)c1F;Cc1ccc(C(=O)NO)cc1NCc1cc(F)cc(Br)c1F;6.5575;2.326;true;yes;
451;128;O=C(NO)c1cccc(NC(=O)c2ccc(Br)c(F)c2)c1;O=C(NO)c1cccc(NC(=O)c2ccc(Br)c(F)c2)c1;6.5574;1.873;true;yes;
452;181;Cc1ccc(C(=O)NO)cc1NCc1cc(F)c(Br)cc1Br;Cc1ccc(C(=O)NO)cc1NCc1cc(F)c(Br)cc1Br;6.5573;2.293;true;yes;
453;180;Cc1ccc(C(=O)NO)cc1NCc1cc(F)c(F)cc1Br;Cc1ccc(C(=O)NO)cc1NCc1cc(F)c(F)cc1Br;6.5573;2.208;true;yes;
454;84;O=C(NO)c1ccc(Cl)c(NCc2cccc(Br)c2)c1;O=C(NO)c1ccc(Cl)c(NCc2cccc(Br)c2)c1;6.5572;1.941;true;yes;
455;162;O=C(NO)c1ccc(C(F)(F)F)c(NCc2cccc(Br)c2)c1;O=C(NO)c1ccc(C(F)(F)F)c(NCc2cccc(Br)c2)c1;6.5568;2.178;true;yes;
456;180;Cc1ccc(C(=O)NO)cc1NCc1ccc(C)c(F)c1Br;Cc1ccc(C(=O)NO)cc1NCc1ccc(C)c(F)c1Br;6.5568;2.392;true;yes;
457;178;Cc1ccc(C(=O)NO)cc1NCc1cc(F)c(Br)c(F)c1;Cc1ccc(C(=O)NO)cc1NCc1cc(F)c(Br)c(F)c1;6.5559;2.314;true;yes;
458;182;Cc1ccc(C(=O)NO)cc1NCc1cc(F)c(Br)c(Br)c1;Cc1ccc(C(=O)NO)cc1NCc1cc(F)c(Br)c(Br)c1;6.5559;2.371;true;yes;
459;175;Cc1ccc(C(=O)NO)cc1NCc1cc(F)cc(Br)c1;Cc1ccc(C(=O)NO)cc1NCc1cc(F)cc(Br)c1;6.5558;2.112;true;yes;
460;158;Cc1ccc(C(=O)NO)cc1NCc1ccccc1Br;Cc1ccc(C(=O)NO)cc1NCc1ccccc1Br;6.5551;1.945;true;yes;
461;163;CCc1ccc(C(=O)NO)cc1NCCc1cccc(Br)c1;CCc1ccc(C(=O)NO)cc1NCCc1cccc(Br)c1;6.5539;2.083;true;yes;
462;175;Cc1ccc(C(=O)NO)cc1NCc1ccc(F)c(F)c1F;Cc1ccc(C(=O)NO)cc1NCc1ccc(F)c(F)c1F;6.5537;2.17;true;yes;
463;178;Cc1ccc(C(=O)NO)cc1NCc1c(F)ccc(F)c1F;Cc1ccc(C(=O)NO)cc1NCc1c(F)ccc(F)c1F;6.5537;2.199;true;yes;
464;158;Cc1c(F)cc(C(=O)NO)cc1NCc1ccccc1;Cc1c(F)cc(C(=O)NO)cc1NCc1ccccc1;6.5537;1.96;true;yes;
465;81;O=C(NO)c1cccc(S(=O)(=O)NCCc2cccc(Br)c2)c1;O=C(NO)c1cccc(S(=O)(=O)NCCc2cccc(Br)c2)c1;6.5522;2.015;true;yes;
466;174;Cc1ccc(Cl)c(CNc2cc(C(=O)NO)ccc2C)c1;Cc1ccc(Cl)c(CNc2cc(C(=O)NO)ccc2C)c1;6.5518;1.964;true;yes;
467;185;Cc1ccc(C(=O)NO)cc1NCc1c(Cl)c(F)c(Br)c(F)c1Br;Cc1ccc(C(=O)NO)cc1NCc1c(Cl)c(F)c(Br)c(F)c1Br;6.5505;2.849;true;no; 1 violations
468;190;O=C(NO)c1ccc(F)c(NC(=O)c2ccc(F)c(Br)c2Br)c1;O=C(NO)c1ccc(F)c(NC(=O)c2ccc(F)c(Br)c2Br)c1;6.5503;2.363;true;yes;
469;105;O=C(NO)c1cc(Br)cc(NC(=O)c2ccc(Cl)c(Br)c2)c1;O=C(NO)c1cc(Br)cc(NC(=O)c2ccc(Cl)c(Br)c2)c1;6.5503;2.15;true;yes;
470;122;COc1ccc(C(=O)Nc2cc(C(=O)NO)ccc2Cl)cc1F;COc1ccc(C(=O)Nc2cc(C(=O)NO)ccc2Cl)cc1F;6.5501;1.859;true;yes;
471;159;Cc1ccc(C(=O)NO)cc1NCc1cc(Br)ccc1N;Cc1ccc(C(=O)NO)cc1NCc1cc(Br)ccc1N;6.55;2.141;true;yes;
472;190;O=C(NO)c1ccc(F)c(NC(=O)c2cc(F)c(F)c(F)c2Br)c1;O=C(NO)c1ccc(F)c(NC(=O)c2cc(F)c(F)c(F)c2Br)c1;6.5494;2.394;true;yes;
473;186;Cc1ccc(C(=O)NO)cc1NCc1cc(F)c(Br)c(Br)c1F;Cc1ccc(C(=O)NO)cc1NCc1cc(F)c(Br)c(Br)c1F;6.549;2.647;true;yes;
474;182;Cc1ccc(C(=O)NO)cc1NCc1cc(F)c(Br)c(Br)c1Br;Cc1ccc(C(=O)NO)cc1NCc1cc(F)c(Br)c(Br)c1Br;6.549;2.624;true;no; 1 violations
475;181;Cc1ccc(C(=O)NO)cc1NCc1ccc(F)c(F)c1Br;Cc1ccc(C(=O)NO)cc1NCc1ccc(F)c(F)c1Br;6.549;2.36;true;yes;
476;181;Cc1ccc(C(=O)NO)cc1NCc1cc(F)c(F)c(F)c1Br;Cc1ccc(C(=O)NO)cc1NCc1cc(F)c(F)c(F)c1Br;6.549;2.492;true;yes;
477;181;Cc1ccc(C(=O)NO)cc1NCc1cc(F)c(F)c(Br)c1F;Cc1ccc(C(=O)NO)cc1NCc1cc(F)c(F)c(Br)c1F;6.549;2.522;true;yes;
478;182;Cc1ccc(C(=O)NO)cc1NCc1c(Br)cc(F)c(F)c1F;Cc1ccc(C(=O)NO)cc1NCc1c(Br)cc(F)c(F)c1F;6.549;2.459;true;yes;
479;184;Cc1ccc(C(=O)NO)cc1NCc1c(F)cc(Br)c(F)c1F;Cc1ccc(C(=O)NO)cc1NCc1c(F)cc(Br)c(F)c1F;6.549;2.471;true;yes;
480;183;Cc1ccc(C(=O)NO)cc1NCc1c(F)c(F)cc(Br)c1Br;Cc1ccc(C(=O)NO)cc1NCc1c(F)c(F)cc(Br)c1Br;6.549;2.556;true;yes;
481;182;Cc1ccc(C(=O)NO)cc1NCc1cc(F)c(F)c(Br)c1Br;Cc1ccc(C(=O)NO)cc1NCc1cc(F)c(F)c(Br)c1Br;6.549;2.56;true;yes;
482;109;Cc1cc(C(=O)Nc2cc(C(=O)NO)ccc2Cl)ccc1Br;Cc1cc(C(=O)Nc2cc(C(=O)NO)ccc2Cl)ccc1Br;6.549;1.91;true;yes;
483;170;Cc1c(F)cc(F)c(CNc2cc(C(=O)NO)ccc2F)c1F;Cc1c(F)cc(F)c(CNc2cc(C(=O)NO)ccc2F)c1F;6.5487;2.478;true;yes;
484;175;Cc1ccc(C(=O)NO)cc1NCc1ccc(Cl)c(F)c1;Cc1ccc(C(=O)NO)cc1NCc1ccc(Cl)c(F)c1;6.5477;1.984;true;yes;
485;184;Cc1ccc(C(=O)NO)cc1NCc1c(F)c(F)c(Cl)c(F)c1F;Cc1ccc(C(=O)NO)cc1NCc1c(F)c(F)c(Cl)c(F)c1F;6.5476;2.577;true;yes;
486;183;Cc1ccc(C(=O)NO)cc1NCc1c(F)c(F)c(F)c(F)c1Cl;Cc1ccc(C(=O)NO)cc1NCc1c(F)c(F)c(F)c(F)c1Cl;6.5476;2.59;true;yes;
487;176;Cc1ccc(C(=O)NO)cc1NC(=O)c1c(F)cccc1Cl;Cc1ccc(C(=O)NO)cc1NC(=O)c1c(F)cccc1Cl;6.5469;1.93;true;yes;
488;165;NC(=O)c1cc(CNc2cc(C(=O)NO)ccc2F)ccc1F;NC(=O)c1cc(CNc2cc(C(=O)NO)ccc2F)ccc1F;6.5465;2.116;true;yes;
489;98;Cc1ccc(CNc2cc(C(=O)NO)cc(Br)c2Br)cc1Br;Cc1ccc(CNc2cc(C(=O)NO)cc(Br)c2Br)cc1Br;6.5463;2.495;true;no; 1 violations
490;180;Cc1ccc(C(=O)NO)cc1NCc1c(F)cccc1Cl;Cc1ccc(C(=O)NO)cc1NCc1c(F)cccc1Cl;6.546;2.032;true;yes;
491;180;Cc1ccc(C(=O)NO)cc1NCc1ccc(Cl)c(C)c1F;Cc1ccc(C(=O)NO)cc1NCc1ccc(Cl)c(C)c1F;6.5459;2.23;true;yes;
492;97;Cc1cc(C(=O)NO)cc(NC(=O)c2ccc(Cl)c(Br)c2)c1Br;Cc1cc(C(=O)NO)cc(NC(=O)c2ccc(Cl)c(Br)c2)c1Br;6.5459;2.383;true;yes;
493;163;O=C(NO)c1ccc(C(F)(F)F)c(NC(=O)c2ccccc2Br)c1;O=C(NO)c1ccc(C(F)(F)F)c(NC(=O)c2ccccc2Br)c1;6.5442;2.094;true;yes;
494;84;O=C(NO)c1cccc(NC(=O)c2ccc(Cl)c(F)c2)c1;O=C(NO)c1cccc(NC(=O)c2ccc(Cl)c(F)c2)c1;6.5441;1.804;true;yes;
495;105;Cc1ccc(C(=O)Nc2cc(C(=O)NO)c(Cl)cc2Cl)cc1Br;Cc1ccc(C(=O)Nc2cc(C(=O)NO)c(Cl)cc2Cl)cc1Br;6.5438;2.129;true;yes;
496;71;O=C(NO)c1cccc(NC(=O)c2ccc(Cl)c(Br)c2)c1;O=C(NO)c1cccc(NC(=O)c2ccc(Cl)c(Br)c2)c1;6.5437;1.901;true;yes;
497;161;CCc1ccc(C(=O)NO)cc1NCCc1ccccc1;CCc1ccc(C(=O)NO)cc1NCCc1ccccc1;6.5423;1.885;true;yes;
498;181;Cc1ccc(C(=O)NO)cc1NC=O;Cc1ccc(C(=O)NO)cc1NC=O;6.541;2.159;true;no; 1 violations
499;162;O=C(NO)c1ccc(CC(F)(F)F)c(NCc2ccccc2)c1;O=C(NO)c1ccc(CC(F)(F)F)c(NCc2ccccc2)c1;6.5409;2.207;true;yes;
500;101;Cc1cc(CNc2cc(C(=O)NO)cc(Br)c2Br)ccc1Br;Cc1cc(CNc2cc(C(=O)NO)cc(Br)c2Br)ccc1Br;6.5406;2.499;true;no; 1 violations
